-- MySQL dump 10.13  Distrib 5.7.39, for osx11.0 (x86_64)
--
-- Host: 127.0.0.1    Database: tech_interview
-- ------------------------------------------------------
-- Server version	5.7.39

/*!40101 SET @OLD_CHARACTER_SET_CLIENT=@@CHARACTER_SET_CLIENT */;
/*!40101 SET @OLD_CHARACTER_SET_RESULTS=@@CHARACTER_SET_RESULTS */;
/*!40101 SET @OLD_COLLATION_CONNECTION=@@COLLATION_CONNECTION */;
/*!40101 SET NAMES utf8 */;
/*!40103 SET @OLD_TIME_ZONE=@@TIME_ZONE */;
/*!40103 SET TIME_ZONE='+00:00' */;
/*!40014 SET @OLD_UNIQUE_CHECKS=@@UNIQUE_CHECKS, UNIQUE_CHECKS=0 */;
/*!40014 SET @OLD_FOREIGN_KEY_CHECKS=@@FOREIGN_KEY_CHECKS, FOREIGN_KEY_CHECKS=0 */;
/*!40101 SET @OLD_SQL_MODE=@@SQL_MODE, SQL_MODE='NO_AUTO_VALUE_ON_ZERO' */;
/*!40111 SET @OLD_SQL_NOTES=@@SQL_NOTES, SQL_NOTES=0 */;

--
-- Table structure for table `clients`
--

DROP TABLE IF EXISTS `clients`;
/*!40101 SET @saved_cs_client     = @@character_set_client */;
/*!40101 SET character_set_client = utf8 */;
CREATE TABLE `clients` (
  `id` int(11) NOT NULL AUTO_INCREMENT,
  `name` varchar(100) NOT NULL,
  `logo` varchar(255) NOT NULL,
  `createdAt` datetime DEFAULT NULL,
  PRIMARY KEY (`id`)
) ENGINE=InnoDB AUTO_INCREMENT=9 DEFAULT CHARSET=utf8mb4;
/*!40101 SET character_set_client = @saved_cs_client */;

--
-- Dumping data for table `clients`
--

LOCK TABLES `clients` WRITE;
/*!40000 ALTER TABLE `clients` DISABLE KEYS */;
INSERT INTO `clients` VALUES (1,'Acme Corporation','https://assets-global.website-files.com/6365d860c7b7a7191055eb8a/65a345821acb334f05468ad0_alt-shift-logomark.svg','2024-04-03 16:31:18'),(2,'Globex Corporation','https://assets-global.website-files.com/6365d860c7b7a7191055eb8a/65a38e5088420b743e0766e4_boltshift-logomark.svg','2024-04-03 16:31:26'),(3,'Soylent Corp','https://assets-global.website-files.com/6365d860c7b7a7191055eb8a/65a38fb3a013c1ba8d6eb55c_command-r-logomark.svg','2024-04-03 16:31:36'),(4,'Initech','https://assets-global.website-files.com/6365d860c7b7a7191055eb8a/65a38feb88420b743e0845bf_featherdev-logomark.svg','2024-04-03 16:31:44'),(5,'Umbrella Corporation','https://assets-global.website-files.com/6365d860c7b7a7191055eb8a/65a390080e2f09b58a9d90ad_focalpoint-logomark.svg','2024-04-03 16:31:51'),(6,'Hooli','https://assets-global.website-files.com/6365d860c7b7a7191055eb8a/65a390dfdc1efbe1908c169a_luminous-logomark.svg','2024-04-03 16:31:57'),(7,'Vehement Capital Partners','https://assets-global.website-files.com/6365d860c7b7a7191055eb8a/65a390f89dc5202983246cbb_nietzche-logomark.svg','2024-04-03 16:32:05'),(8,'Massive Dynamic','https://assets-global.website-files.com/6365d860c7b7a7191055eb8a/65a39135b685e60b3b47f4b5_quotient-logomark.svg','2024-04-03 16:32:11');
/*!40000 ALTER TABLE `clients` ENABLE KEYS */;
UNLOCK TABLES;

--
-- Table structure for table `employees`
--

DROP TABLE IF EXISTS `employees`;
/*!40101 SET @saved_cs_client     = @@character_set_client */;
/*!40101 SET character_set_client = utf8 */;
CREATE TABLE `employees` (
  `id` int(11) NOT NULL AUTO_INCREMENT,
  `lastName` varchar(100) NOT NULL,
  `firstName` varchar(100) NOT NULL,
  `email` varchar(255) NOT NULL,
  `avatar` varchar(255) NOT NULL,
  `roleId` int(11) DEFAULT NULL,
  `createdAt` datetime NOT NULL,
  PRIMARY KEY (`id`),
  KEY `employees_roles_null_fk` (`roleId`),
  CONSTRAINT `employees_roles_id_fk` FOREIGN KEY (`roleId`) REFERENCES `roles` (`id`)
) ENGINE=InnoDB AUTO_INCREMENT=8 DEFAULT CHARSET=utf8mb4;
/*!40101 SET character_set_client = @saved_cs_client */;

--
-- Dumping data for table `employees`
--

LOCK TABLES `employees` WRITE;
/*!40000 ALTER TABLE `employees` DISABLE KEYS */;
INSERT INTO `employees` VALUES (1,'Bechtelar','Evalyn','Clint38@hotmail.com','https://avatars.githubusercontent.com/u/33432635',2,'2024-04-03 16:26:54'),(2,'Cummerata','Bernita','Antwon_Bradtke78@hotmail.com','https://avatars.githubusercontent.com/u/53666833',1,'2024-04-03 16:28:13'),(3,'Corkery','Elinore','Margarett80@yahoo.com','https://avatars.githubusercontent.com/u/31246773',2,'2024-04-03 16:28:39'),(4,'Jones','Michele','Mckayla_Fisher@gmail.com','https://avatars.githubusercontent.com/u/25189146',1,'2024-04-03 16:29:03'),(5,'Heller','Eleanore','Helen79@gmail.com','https://cloudflare-ipfs.com/ipfs/Qmd3W5DuhgHirLHGVixi6V76LhCkZUz6pnFt5AJBiyvHye/avatar/36.jpg',1,'2024-04-03 16:29:25'),(6,'Grant','Lola','Sebastian94@hotmail.com','https://avatars.githubusercontent.com/u/4249748',1,'2024-04-03 16:29:50'),(7,'John','Smith','joe@gmail.com','https://avatars.githubusercontent.com/u/4249748',3,'2024-04-03 16:29:50');
/*!40000 ALTER TABLE `employees` ENABLE KEYS */;
UNLOCK TABLES;

--
-- Table structure for table `employees_clients`
--

DROP TABLE IF EXISTS `employees_clients`;
/*!40101 SET @saved_cs_client     = @@character_set_client */;
/*!40101 SET character_set_client = utf8 */;
CREATE TABLE `employees_clients` (
  `id` int(11) NOT NULL AUTO_INCREMENT,
  `employeeId` int(11) NOT NULL,
  `clientId` int(11) NOT NULL,
  PRIMARY KEY (`id`),
  KEY `employees_clients_clients_null_fk` (`clientId`),
  KEY `employees_clients_employees_null_fk` (`employeeId`),
  CONSTRAINT `employees_clients_clients_id_fk` FOREIGN KEY (`clientId`) REFERENCES `clients` (`id`),
  CONSTRAINT `employees_clients_employees_id_fk` FOREIGN KEY (`employeeId`) REFERENCES `employees` (`id`)
) ENGINE=InnoDB AUTO_INCREMENT=11 DEFAULT CHARSET=utf8mb4;
/*!40101 SET character_set_client = @saved_cs_client */;

--
-- Dumping data for table `employees_clients`
--

LOCK TABLES `employees_clients` WRITE;
/*!40000 ALTER TABLE `employees_clients` DISABLE KEYS */;
INSERT INTO `employees_clients` VALUES (1,6,7),(2,1,7),(3,1,8),(4,5,3),(5,6,4),(6,1,6),(7,4,1),(8,6,7),(9,6,1),(10,4,2),(11,2,8);
/*!40000 ALTER TABLE `employees_clients` ENABLE KEYS */;
UNLOCK TABLES;

--
-- Table structure for table `roles`
--

DROP TABLE IF EXISTS `roles`;
/*!40101 SET @saved_cs_client     = @@character_set_client */;
/*!40101 SET character_set_client = utf8 */;
CREATE TABLE `roles` (
  `id` int(11) NOT NULL AUTO_INCREMENT,
  `label` varchar(50) NOT NULL,
  PRIMARY KEY (`id`)
) ENGINE=InnoDB AUTO_INCREMENT=4 DEFAULT CHARSET=utf8mb4;
/*!40101 SET character_set_client = @saved_cs_client */;

--
-- Dumping data for table `roles`
--

LOCK TABLES `roles` WRITE;
/*!40000 ALTER TABLE `roles` DISABLE KEYS */;
INSERT INTO `roles` VALUES (1,'Gestionnaire'),(2,'Développeur'),(3,'Ressource Humaine');
/*!40000 ALTER TABLE `roles` ENABLE KEYS */;
UNLOCK TABLES;

--
-- Table structure for table `sales`
--

DROP TABLE IF EXISTS `sales`;
/*!40101 SET @saved_cs_client     = @@character_set_client */;
/*!40101 SET character_set_client = utf8 */;
CREATE TABLE `sales` (
  `id` int(11) NOT NULL AUTO_INCREMENT,
  `clientId` int(11) NOT NULL,
  `amount` float NOT NULL,
  `quantity` int(11) NOT NULL,
  `date` datetime NOT NULL,
  PRIMARY KEY (`id`),
  KEY `sales_clients_null_fk` (`clientId`),
  CONSTRAINT `sales_clients_id_fk` FOREIGN KEY (`clientId`) REFERENCES `clients` (`id`)
) ENGINE=InnoDB AUTO_INCREMENT=3110 DEFAULT CHARSET=utf8mb4;
/*!40101 SET character_set_client = @saved_cs_client */;

--
-- Dumping data for table `sales`
--

LOCK TABLES `sales` WRITE;
/*!40000 ALTER TABLE `sales` DISABLE KEYS */;
INSERT INTO `sales` VALUES (1,6,37.68,4,'2024-04-03 16:42:41'),(2,5,9.09,1,'2024-04-03 16:42:57'),(3,5,13.88,7,'2024-04-03 16:43:07'),(4,3,8.92,8,'2024-04-03 16:43:19'),(5,7,31.16,3,'2024-04-03 16:43:26'),(6,1,19.28,4,'2024-04-03 16:43:35'),(7,6,43.95,1,'2024-04-03 16:43:42'),(8,1,22.96,5,'2024-04-03 16:43:49'),(9,8,39.93,7,'2024-04-03 16:43:55'),(10,3,31.65,3,'2024-04-03 16:44:02'),(11,5,20.73,7,'2024-04-03 16:44:10'),(12,5,42.48,2,'2024-04-03 16:44:17'),(13,8,45.35,7,'2024-04-03 16:44:24'),(14,5,49.06,1,'2024-04-03 16:44:29'),(15,8,40.77,6,'2024-04-03 16:44:36'),(16,7,18.76,8,'2024-04-03 16:44:43'),(17,6,49.34,7,'2024-04-03 16:44:50'),(18,3,37.32,5,'2024-04-03 16:45:00'),(19,6,26,1,'2024-04-03 16:45:07'),(20,7,32.14,7,'2024-04-03 16:45:14'),(21,4,35.43,4,'2024-04-03 16:45:25'),(22,2,30.01,2,'2024-04-03 16:45:39'),(23,3,20.53,5,'2024-04-03 16:45:47'),(24,1,34.14,6,'2024-04-03 16:45:53'),(25,1,47.22,8,'2024-04-03 16:46:00'),(26,5,36.09,4,'2024-04-03 16:46:06'),(27,7,14.67,6,'2024-04-03 16:46:13'),(28,6,18.54,1,'2024-04-03 16:46:19'),(29,3,49.99,3,'2024-04-03 16:46:24'),(30,5,30.84,8,'2024-04-03 16:46:30'),(31,8,39.71,2,'2024-04-03 16:46:49'),(32,7,46.81,5,'2024-04-03 16:46:56'),(33,6,12.83,2,'2024-04-03 16:47:02'),(34,7,31.7,7,'2024-04-03 16:47:08'),(35,2,41.31,5,'2024-04-03 16:47:25'),(36,4,35.84,8,'2024-04-03 16:47:32'),(37,1,30.04,1,'2024-04-03 16:47:37'),(38,4,21.05,3,'2024-04-03 16:47:46'),(39,1,21.15,3,'2024-04-03 16:47:52'),(40,8,40.04,3,'2024-04-03 16:47:58'),(41,6,47.6,4,'2024-04-03 16:48:04'),(42,5,25.2,3,'2024-04-03 16:48:09'),(43,2,18.62,1,'2024-04-03 16:48:16'),(44,4,21.43,4,'2024-04-03 16:48:22'),(45,8,38.27,8,'2024-04-03 16:48:29'),(46,1,21.06,8,'2024-04-03 16:48:35'),(47,5,11.88,1,'2024-04-03 16:48:40'),(48,2,10.47,4,'2024-04-03 16:48:50'),(49,5,45.91,6,'2024-04-03 16:48:57'),(50,3,49.22,2,'2024-04-03 16:49:03'),(51,1,135,2,'2024-04-05 00:00:00'),(52,1,318,4,'2024-04-04 00:00:00'),(53,1,1541,2,'2024-04-03 00:00:00'),(54,1,4073,2,'2024-04-02 00:00:00'),(55,1,3828,4,'2024-04-01 00:00:00'),(56,1,908,3,'2024-03-31 00:00:00'),(57,1,3594,1,'2024-03-30 00:00:00'),(58,1,3530,3,'2024-03-29 00:00:00'),(59,1,3805,1,'2024-03-28 00:00:00'),(60,1,2141,4,'2024-03-27 00:00:00'),(61,1,2984,2,'2024-03-26 00:00:00'),(62,1,2812,2,'2024-03-25 00:00:00'),(63,1,1627,3,'2024-03-24 00:00:00'),(64,1,918,1,'2024-03-23 00:00:00'),(65,1,2641,4,'2024-03-22 00:00:00'),(66,1,2061,1,'2024-03-21 00:00:00'),(67,1,1177,1,'2024-03-20 00:00:00'),(68,1,1926,1,'2024-03-19 00:00:00'),(69,1,4081,3,'2024-03-18 00:00:00'),(70,1,2884,1,'2024-03-17 00:00:00'),(71,1,388,3,'2024-03-16 00:00:00'),(72,1,3995,1,'2024-03-15 00:00:00'),(73,1,4478,2,'2024-03-14 00:00:00'),(74,1,819,1,'2024-03-13 00:00:00'),(75,1,2228,3,'2024-03-12 00:00:00'),(76,1,3903,3,'2024-03-11 00:00:00'),(77,1,3724,3,'2024-03-10 00:00:00'),(78,1,3314,2,'2024-03-09 00:00:00'),(79,1,3171,4,'2024-03-08 00:00:00'),(80,1,4165,4,'2024-03-07 00:00:00'),(81,1,2077,1,'2024-03-06 00:00:00'),(82,1,4420,1,'2024-03-05 00:00:00'),(83,1,2195,4,'2024-03-04 00:00:00'),(84,1,4231,2,'2024-03-03 00:00:00'),(85,1,1760,2,'2024-03-02 00:00:00'),(86,1,3011,3,'2024-03-01 00:00:00'),(87,1,3279,2,'2024-02-29 00:00:00'),(88,1,2809,1,'2024-02-28 00:00:00'),(89,1,3991,4,'2024-02-27 00:00:00'),(90,1,1974,3,'2024-02-26 00:00:00'),(91,1,2171,4,'2024-02-25 00:00:00'),(92,1,2434,2,'2024-02-24 00:00:00'),(93,1,1722,2,'2024-02-23 00:00:00'),(94,1,4020,4,'2024-02-22 00:00:00'),(95,1,2765,1,'2024-02-21 00:00:00'),(96,1,2032,2,'2024-02-20 00:00:00'),(97,1,1613,4,'2024-02-19 00:00:00'),(98,1,818,3,'2024-02-18 00:00:00'),(99,1,1080,3,'2024-02-17 00:00:00'),(100,1,3579,3,'2024-02-16 00:00:00'),(101,1,4329,3,'2024-02-15 00:00:00'),(102,1,2577,2,'2024-02-14 00:00:00'),(103,1,3242,2,'2024-02-13 00:00:00'),(104,1,3249,3,'2024-02-12 00:00:00'),(105,1,564,1,'2024-02-11 00:00:00'),(106,1,684,4,'2024-02-10 00:00:00'),(107,1,4511,4,'2024-02-09 00:00:00'),(108,1,2844,4,'2024-02-08 00:00:00'),(109,1,3605,2,'2024-02-07 00:00:00'),(110,1,562,3,'2024-02-06 00:00:00'),(111,1,913,2,'2024-02-05 00:00:00'),(112,1,3302,2,'2024-02-04 00:00:00'),(113,1,2158,4,'2024-02-03 00:00:00'),(114,1,3369,3,'2024-02-02 00:00:00'),(115,1,3145,1,'2024-02-01 00:00:00'),(116,1,2786,2,'2024-01-31 00:00:00'),(117,1,4067,3,'2024-01-30 00:00:00'),(118,1,3750,3,'2024-01-29 00:00:00'),(119,1,3821,4,'2024-01-28 00:00:00'),(120,1,4547,1,'2024-01-27 00:00:00'),(121,1,3305,1,'2024-01-26 00:00:00'),(122,1,2217,3,'2024-01-25 00:00:00'),(123,1,1601,1,'2024-01-24 00:00:00'),(124,1,1709,1,'2024-01-23 00:00:00'),(125,1,1978,1,'2024-01-22 00:00:00'),(126,1,4510,4,'2024-01-21 00:00:00'),(127,1,2024,1,'2024-01-20 00:00:00'),(128,1,1013,4,'2024-01-19 00:00:00'),(129,1,2106,4,'2024-01-18 00:00:00'),(130,1,1556,2,'2024-01-17 00:00:00'),(131,1,865,2,'2024-01-16 00:00:00'),(132,1,4470,2,'2024-01-15 00:00:00'),(133,1,2972,3,'2024-01-14 00:00:00'),(134,1,1358,4,'2024-01-13 00:00:00'),(135,1,2903,1,'2024-01-12 00:00:00'),(136,1,2214,4,'2024-01-11 00:00:00'),(137,1,1806,4,'2024-01-10 00:00:00'),(138,1,4247,2,'2024-01-09 00:00:00'),(139,1,3945,2,'2024-01-08 00:00:00'),(140,1,3881,4,'2024-01-07 00:00:00'),(141,1,1989,2,'2024-01-06 00:00:00'),(142,1,2701,2,'2024-01-05 00:00:00'),(143,1,422,1,'2024-01-04 00:00:00'),(144,1,1026,1,'2024-01-03 00:00:00'),(145,1,1034,4,'2024-01-02 00:00:00'),(146,1,932,2,'2024-01-01 00:00:00'),(147,1,1069,1,'2023-12-31 00:00:00'),(148,1,2539,1,'2023-12-30 00:00:00'),(149,1,2959,1,'2023-12-29 00:00:00'),(150,1,3606,4,'2023-12-28 00:00:00'),(151,1,1257,4,'2023-12-27 00:00:00'),(152,1,4074,1,'2023-12-26 00:00:00'),(153,1,650,2,'2023-12-25 00:00:00'),(154,1,4405,1,'2023-12-24 00:00:00'),(155,1,3520,1,'2023-12-23 00:00:00'),(156,1,1723,3,'2023-12-22 00:00:00'),(157,1,485,4,'2023-12-21 00:00:00'),(158,1,3059,4,'2023-12-20 00:00:00'),(159,1,3828,2,'2023-12-19 00:00:00'),(160,1,2955,2,'2023-12-18 00:00:00'),(161,1,4312,3,'2023-12-17 00:00:00'),(162,1,149,3,'2023-12-16 00:00:00'),(163,1,3388,4,'2023-12-15 00:00:00'),(164,1,1486,2,'2023-12-14 00:00:00'),(165,1,3202,1,'2023-12-13 00:00:00'),(166,1,903,3,'2023-12-12 00:00:00'),(167,1,265,2,'2023-12-11 00:00:00'),(168,1,1232,4,'2023-12-10 00:00:00'),(169,1,4214,4,'2023-12-09 00:00:00'),(170,1,3120,4,'2023-12-08 00:00:00'),(171,1,1200,1,'2023-12-07 00:00:00'),(172,1,3062,1,'2023-12-06 00:00:00'),(173,1,2722,1,'2023-12-05 00:00:00'),(174,1,639,1,'2023-12-04 00:00:00'),(175,1,1726,3,'2023-12-03 00:00:00'),(176,1,906,3,'2023-12-02 00:00:00'),(177,1,2347,3,'2023-12-01 00:00:00'),(178,1,4289,3,'2023-11-30 00:00:00'),(179,1,3140,4,'2023-11-29 00:00:00'),(180,1,1890,3,'2023-11-28 00:00:00'),(181,1,2840,3,'2023-11-27 00:00:00'),(182,1,1301,1,'2023-11-26 00:00:00'),(183,1,3183,4,'2023-11-25 00:00:00'),(184,1,3798,3,'2023-11-24 00:00:00'),(185,1,1155,3,'2023-11-23 00:00:00'),(186,1,1092,4,'2023-11-22 00:00:00'),(187,1,1758,1,'2023-11-21 00:00:00'),(188,1,3596,1,'2023-11-20 00:00:00'),(189,1,201,1,'2023-11-19 00:00:00'),(190,1,2822,3,'2024-04-05 00:00:00'),(191,1,565,2,'2024-04-04 00:00:00'),(192,1,1676,1,'2024-04-03 00:00:00'),(193,1,216,2,'2024-04-02 00:00:00'),(194,1,1701,1,'2024-04-01 00:00:00'),(195,1,1352,2,'2024-03-31 00:00:00'),(196,1,4230,3,'2024-03-30 00:00:00'),(197,1,4162,2,'2024-03-29 00:00:00'),(198,1,2148,4,'2024-03-28 00:00:00'),(199,1,728,4,'2024-03-27 00:00:00'),(200,1,1696,2,'2024-03-26 00:00:00'),(201,1,2972,2,'2024-03-25 00:00:00'),(202,1,1305,2,'2024-03-24 00:00:00'),(203,1,2256,1,'2024-03-23 00:00:00'),(204,1,3390,1,'2024-03-22 00:00:00'),(205,1,394,1,'2024-03-21 00:00:00'),(206,1,1212,3,'2024-03-20 00:00:00'),(207,1,3601,1,'2024-03-19 00:00:00'),(208,1,4502,2,'2024-03-18 00:00:00'),(209,1,4397,4,'2024-03-17 00:00:00'),(210,1,1481,4,'2024-03-16 00:00:00'),(211,1,1417,3,'2024-03-15 00:00:00'),(212,1,4539,2,'2024-03-14 00:00:00'),(213,1,3210,1,'2024-03-13 00:00:00'),(214,1,1343,1,'2024-03-12 00:00:00'),(215,1,3938,1,'2024-03-11 00:00:00'),(216,1,1557,3,'2024-03-10 00:00:00'),(217,1,3069,2,'2024-03-09 00:00:00'),(218,1,1554,3,'2024-03-08 00:00:00'),(219,1,3839,4,'2024-03-07 00:00:00'),(220,1,3463,3,'2024-03-06 00:00:00'),(221,1,958,1,'2024-03-05 00:00:00'),(222,1,1212,1,'2024-03-04 00:00:00'),(223,1,434,3,'2024-03-03 00:00:00'),(224,1,249,2,'2024-03-02 00:00:00'),(225,1,4344,3,'2024-03-01 00:00:00'),(226,1,2071,1,'2024-02-29 00:00:00'),(227,1,3888,1,'2024-02-28 00:00:00'),(228,1,395,2,'2024-02-27 00:00:00'),(229,1,3713,2,'2024-02-26 00:00:00'),(230,1,579,2,'2024-02-25 00:00:00'),(231,1,4204,4,'2024-02-24 00:00:00'),(232,1,1065,3,'2024-02-23 00:00:00'),(233,1,3664,3,'2024-02-22 00:00:00'),(234,1,487,3,'2024-02-21 00:00:00'),(235,1,4524,1,'2024-02-20 00:00:00'),(236,1,2571,3,'2024-02-19 00:00:00'),(237,1,1559,2,'2024-02-18 00:00:00'),(238,1,856,1,'2024-02-17 00:00:00'),(239,1,1146,3,'2024-02-16 00:00:00'),(240,1,1807,1,'2024-02-15 00:00:00'),(241,1,715,3,'2024-02-14 00:00:00'),(242,1,3554,3,'2024-02-13 00:00:00'),(243,1,388,3,'2024-02-12 00:00:00'),(244,1,950,2,'2024-02-11 00:00:00'),(245,1,1476,2,'2024-02-10 00:00:00'),(246,1,2800,2,'2024-02-09 00:00:00'),(247,1,1347,3,'2024-02-08 00:00:00'),(248,1,3004,4,'2024-02-07 00:00:00'),(249,1,2080,4,'2024-02-06 00:00:00'),(250,1,265,1,'2024-02-05 00:00:00'),(251,1,1669,2,'2024-02-04 00:00:00'),(252,1,1984,2,'2024-02-03 00:00:00'),(253,1,2800,1,'2024-02-02 00:00:00'),(254,1,2903,4,'2024-02-01 00:00:00'),(255,1,3484,3,'2024-01-31 00:00:00'),(256,1,3015,4,'2024-01-30 00:00:00'),(257,1,753,3,'2024-01-29 00:00:00'),(258,1,1090,2,'2024-01-28 00:00:00'),(259,1,4280,1,'2024-01-27 00:00:00'),(260,1,1441,4,'2024-01-26 00:00:00'),(261,1,1360,3,'2024-01-25 00:00:00'),(262,1,3535,2,'2024-01-24 00:00:00'),(263,1,1372,3,'2024-01-23 00:00:00'),(264,1,2562,2,'2024-01-22 00:00:00'),(265,1,2496,1,'2024-01-21 00:00:00'),(266,1,934,1,'2024-01-20 00:00:00'),(267,1,1228,1,'2024-01-19 00:00:00'),(268,1,2114,3,'2024-01-18 00:00:00'),(269,1,588,4,'2024-01-17 00:00:00'),(270,1,2922,3,'2024-01-16 00:00:00'),(271,1,1770,4,'2024-01-15 00:00:00'),(272,1,3802,3,'2024-01-14 00:00:00'),(273,1,996,1,'2024-01-13 00:00:00'),(274,1,352,3,'2024-01-12 00:00:00'),(275,1,257,1,'2024-01-11 00:00:00'),(276,1,2145,4,'2024-01-10 00:00:00'),(277,1,1474,1,'2024-01-09 00:00:00'),(278,1,1063,3,'2024-01-08 00:00:00'),(279,1,1920,1,'2024-01-07 00:00:00'),(280,1,362,3,'2024-01-06 00:00:00'),(281,1,2157,4,'2024-01-05 00:00:00'),(282,1,186,4,'2024-01-04 00:00:00'),(283,1,4420,2,'2024-01-03 00:00:00'),(284,1,863,3,'2024-01-02 00:00:00'),(285,1,3835,4,'2024-01-01 00:00:00'),(286,1,3889,3,'2023-12-31 00:00:00'),(287,1,465,4,'2023-12-30 00:00:00'),(288,1,1215,2,'2023-12-29 00:00:00'),(289,1,2010,2,'2023-12-28 00:00:00'),(290,1,2090,2,'2023-12-27 00:00:00'),(291,1,2908,1,'2023-12-26 00:00:00'),(292,1,1952,3,'2023-12-25 00:00:00'),(293,1,2425,4,'2023-12-24 00:00:00'),(294,1,4520,4,'2023-12-23 00:00:00'),(295,1,3463,3,'2023-12-22 00:00:00'),(296,1,2436,1,'2023-12-21 00:00:00'),(297,1,1421,3,'2023-12-20 00:00:00'),(298,1,584,2,'2023-12-19 00:00:00'),(299,1,2466,1,'2023-12-18 00:00:00'),(300,1,2886,3,'2023-12-17 00:00:00'),(301,1,3492,4,'2023-12-16 00:00:00'),(302,1,1552,2,'2023-12-15 00:00:00'),(303,1,2038,2,'2023-12-14 00:00:00'),(304,1,2270,1,'2023-12-13 00:00:00'),(305,1,3215,2,'2023-12-12 00:00:00'),(306,1,214,3,'2023-12-11 00:00:00'),(307,1,1346,3,'2023-12-10 00:00:00'),(308,1,3671,4,'2023-12-09 00:00:00'),(309,1,2010,2,'2023-12-08 00:00:00'),(310,1,3515,4,'2023-12-07 00:00:00'),(311,1,4330,2,'2023-12-06 00:00:00'),(312,1,513,1,'2023-12-05 00:00:00'),(313,1,2464,1,'2023-12-04 00:00:00'),(314,1,1518,2,'2023-12-03 00:00:00'),(315,1,3559,4,'2023-12-02 00:00:00'),(316,1,3805,2,'2023-12-01 00:00:00'),(317,1,177,4,'2023-11-30 00:00:00'),(318,1,166,2,'2023-11-29 00:00:00'),(319,1,702,1,'2023-11-28 00:00:00'),(320,1,3315,2,'2023-11-27 00:00:00'),(321,1,328,1,'2023-11-26 00:00:00'),(322,1,1997,1,'2023-11-25 00:00:00'),(323,1,262,2,'2023-11-24 00:00:00'),(324,1,2421,1,'2023-11-23 00:00:00'),(325,1,4211,2,'2023-11-22 00:00:00'),(326,1,427,4,'2023-11-21 00:00:00'),(327,1,2621,1,'2023-11-20 00:00:00'),(328,1,4036,1,'2023-11-19 00:00:00'),(329,1,880,2,'2023-11-18 00:00:00'),(330,1,174,3,'2023-11-17 00:00:00'),(331,1,3432,3,'2023-11-16 00:00:00'),(332,1,3174,3,'2023-11-15 00:00:00'),(333,1,1968,4,'2023-11-14 00:00:00'),(334,1,647,4,'2023-11-13 00:00:00'),(335,1,188,4,'2023-11-12 00:00:00'),(336,1,3817,2,'2023-11-11 00:00:00'),(337,1,384,1,'2023-11-10 00:00:00'),(338,1,2406,4,'2023-11-09 00:00:00'),(339,1,1229,3,'2023-11-08 00:00:00'),(340,1,1238,1,'2023-11-07 00:00:00'),(341,1,1939,3,'2023-11-06 00:00:00'),(342,1,2501,1,'2023-11-05 00:00:00'),(343,1,4521,4,'2023-11-04 00:00:00'),(344,1,2967,4,'2023-11-03 00:00:00'),(345,1,309,4,'2023-11-02 00:00:00'),(346,1,1291,3,'2023-11-01 00:00:00'),(347,1,920,3,'2023-10-31 00:00:00'),(348,1,1097,3,'2023-10-30 00:00:00'),(349,1,3589,2,'2023-10-29 00:00:00'),(350,1,1878,4,'2023-10-28 00:00:00'),(351,1,3655,3,'2023-10-27 00:00:00'),(352,1,3484,3,'2023-10-26 00:00:00'),(353,1,3941,1,'2023-10-25 00:00:00'),(354,1,4416,1,'2023-10-24 00:00:00'),(355,1,829,4,'2023-10-23 00:00:00'),(356,1,848,2,'2023-10-22 00:00:00'),(357,1,676,2,'2023-10-21 00:00:00'),(358,1,4272,3,'2023-10-20 00:00:00'),(359,1,1903,1,'2023-10-19 00:00:00'),(360,1,4008,1,'2023-10-18 00:00:00'),(361,1,663,4,'2023-10-17 00:00:00'),(362,1,1613,4,'2023-10-16 00:00:00'),(363,1,3028,2,'2023-10-15 00:00:00'),(364,1,2567,2,'2023-10-14 00:00:00'),(365,1,2334,1,'2023-10-13 00:00:00'),(366,1,1679,1,'2023-10-12 00:00:00'),(367,1,676,1,'2023-10-11 00:00:00'),(368,1,4012,4,'2023-10-10 00:00:00'),(369,1,4293,3,'2023-10-09 00:00:00'),(370,1,990,1,'2023-10-08 00:00:00'),(371,1,2106,2,'2023-10-07 00:00:00'),(372,1,3528,4,'2023-10-06 00:00:00'),(373,1,1202,2,'2023-10-05 00:00:00'),(374,1,1676,3,'2023-10-04 00:00:00'),(375,1,758,2,'2023-10-03 00:00:00'),(376,1,1920,3,'2023-10-02 00:00:00'),(377,1,1709,3,'2023-10-01 00:00:00'),(378,1,586,2,'2023-09-30 00:00:00'),(379,1,3465,1,'2023-09-29 00:00:00'),(380,1,1184,3,'2023-09-28 00:00:00'),(381,1,2724,2,'2023-09-27 00:00:00'),(382,1,2737,1,'2023-09-26 00:00:00'),(383,1,1604,4,'2023-09-25 00:00:00'),(384,1,2828,2,'2023-09-24 00:00:00'),(385,1,2519,4,'2023-09-23 00:00:00'),(386,1,4197,4,'2023-09-22 00:00:00'),(387,1,4391,4,'2023-09-21 00:00:00'),(388,1,2607,3,'2023-09-20 00:00:00'),(389,1,4236,1,'2023-09-19 00:00:00'),(390,1,4447,4,'2023-09-18 00:00:00'),(391,1,760,2,'2023-09-17 00:00:00'),(392,1,1032,4,'2023-09-16 00:00:00'),(393,1,611,1,'2023-09-15 00:00:00'),(394,1,3380,4,'2023-09-14 00:00:00'),(395,1,2788,4,'2023-09-13 00:00:00'),(396,1,1813,4,'2023-09-12 00:00:00'),(397,1,526,3,'2023-09-11 00:00:00'),(398,1,430,2,'2023-09-10 00:00:00'),(399,1,2580,2,'2023-09-09 00:00:00'),(400,1,4042,3,'2023-09-08 00:00:00'),(401,1,618,4,'2023-09-07 00:00:00'),(402,1,2527,2,'2023-09-06 00:00:00'),(403,1,742,3,'2023-09-05 00:00:00'),(404,1,187,3,'2023-09-04 00:00:00'),(405,1,1418,1,'2023-09-03 00:00:00'),(406,1,2449,1,'2023-09-02 00:00:00'),(407,1,359,1,'2023-09-01 00:00:00'),(408,1,1106,4,'2023-08-31 00:00:00'),(409,1,1309,4,'2023-08-30 00:00:00'),(410,1,1253,3,'2023-08-29 00:00:00'),(411,1,1210,3,'2023-08-28 00:00:00'),(412,1,3325,2,'2023-08-27 00:00:00'),(413,1,1458,1,'2023-08-26 00:00:00'),(414,1,2516,4,'2023-08-25 00:00:00'),(415,1,1593,4,'2023-08-24 00:00:00'),(416,1,2311,3,'2023-08-23 00:00:00'),(417,1,3569,3,'2023-08-22 00:00:00'),(418,1,1105,2,'2023-08-21 00:00:00'),(419,1,1258,4,'2023-08-20 00:00:00'),(420,1,562,3,'2023-08-19 00:00:00'),(421,1,2494,2,'2023-08-18 00:00:00'),(422,1,648,1,'2023-08-17 00:00:00'),(423,1,2745,1,'2023-08-16 00:00:00'),(424,1,3313,4,'2023-08-15 00:00:00'),(425,1,2477,4,'2023-08-14 00:00:00'),(426,1,726,3,'2023-08-13 00:00:00'),(427,1,1408,2,'2023-08-12 00:00:00'),(428,1,2138,4,'2023-08-11 00:00:00'),(429,1,677,4,'2023-08-10 00:00:00'),(430,1,4491,2,'2023-08-09 00:00:00'),(431,1,2064,3,'2023-08-08 00:00:00'),(432,1,448,2,'2023-08-07 00:00:00'),(433,1,2247,3,'2023-08-06 00:00:00'),(434,1,182,4,'2023-08-05 00:00:00'),(435,1,1735,2,'2023-08-04 00:00:00'),(436,1,4118,2,'2023-08-03 00:00:00'),(437,1,2416,1,'2023-08-02 00:00:00'),(438,1,1264,4,'2023-08-01 00:00:00'),(439,1,2489,3,'2023-07-31 00:00:00'),(440,1,4552,3,'2023-07-30 00:00:00'),(441,1,3879,1,'2023-07-29 00:00:00'),(442,1,2799,2,'2023-07-28 00:00:00'),(443,1,3673,1,'2023-07-27 00:00:00'),(444,1,2817,4,'2023-07-26 00:00:00'),(445,1,1285,2,'2023-07-25 00:00:00'),(446,1,236,1,'2023-07-24 00:00:00'),(447,1,1784,3,'2023-07-23 00:00:00'),(448,1,2906,1,'2023-07-22 00:00:00'),(449,1,921,1,'2023-07-21 00:00:00'),(450,1,332,4,'2023-07-20 00:00:00'),(451,1,821,2,'2023-07-19 00:00:00'),(452,1,3867,3,'2023-07-18 00:00:00'),(453,1,2829,1,'2023-07-17 00:00:00'),(454,1,4422,3,'2023-07-16 00:00:00'),(455,1,247,4,'2023-07-15 00:00:00'),(456,1,829,4,'2023-07-14 00:00:00'),(457,1,3095,3,'2023-07-13 00:00:00'),(458,1,477,3,'2023-07-12 00:00:00'),(459,1,306,2,'2023-07-11 00:00:00'),(460,1,3312,2,'2023-07-10 00:00:00'),(461,1,4101,3,'2023-07-09 00:00:00'),(462,1,3460,2,'2023-07-08 00:00:00'),(463,1,1166,4,'2023-07-07 00:00:00'),(464,1,1401,2,'2023-07-06 00:00:00'),(465,1,1954,4,'2023-07-05 00:00:00'),(466,1,1093,2,'2023-07-04 00:00:00'),(467,1,672,4,'2023-07-03 00:00:00'),(468,1,3619,4,'2023-07-02 00:00:00'),(469,1,3830,3,'2023-07-01 00:00:00'),(470,1,4535,2,'2023-06-30 00:00:00'),(471,1,3865,4,'2023-06-29 00:00:00'),(472,1,2171,4,'2023-06-28 00:00:00'),(473,1,2767,3,'2023-06-27 00:00:00'),(474,1,3150,3,'2023-06-26 00:00:00'),(475,1,306,1,'2023-06-25 00:00:00'),(476,1,3253,1,'2023-06-24 00:00:00'),(477,1,3673,4,'2023-06-23 00:00:00'),(478,1,1639,1,'2023-06-22 00:00:00'),(479,1,4539,2,'2023-06-21 00:00:00'),(480,1,3357,2,'2023-06-20 00:00:00'),(481,1,2082,1,'2023-06-19 00:00:00'),(482,1,4439,1,'2023-06-18 00:00:00'),(483,1,4183,3,'2023-06-17 00:00:00'),(484,1,871,2,'2023-06-16 00:00:00'),(485,1,432,3,'2023-06-15 00:00:00'),(486,1,1974,2,'2023-06-14 00:00:00'),(487,1,4094,3,'2023-06-13 00:00:00'),(488,1,4020,4,'2023-06-12 00:00:00'),(489,1,2551,3,'2023-06-11 00:00:00'),(490,1,4016,3,'2023-06-10 00:00:00'),(491,1,434,3,'2023-06-09 00:00:00'),(492,1,653,2,'2023-06-08 00:00:00'),(493,1,4360,2,'2023-06-07 00:00:00'),(494,1,189,1,'2023-06-06 00:00:00'),(495,1,647,3,'2023-06-05 00:00:00'),(496,1,1205,4,'2023-06-04 00:00:00'),(497,1,1148,4,'2023-06-03 00:00:00'),(498,1,1038,2,'2023-06-02 00:00:00'),(499,1,1917,1,'2023-06-01 00:00:00'),(500,1,332,1,'2023-05-31 00:00:00'),(501,1,131,1,'2023-05-30 00:00:00'),(502,1,695,4,'2023-05-29 00:00:00'),(503,1,3741,1,'2023-05-28 00:00:00'),(504,1,2497,1,'2023-05-27 00:00:00'),(505,1,3694,4,'2023-05-26 00:00:00'),(506,1,879,1,'2023-05-25 00:00:00'),(507,1,2230,2,'2023-05-24 00:00:00'),(508,1,1331,4,'2023-05-23 00:00:00'),(509,1,1644,4,'2023-05-22 00:00:00'),(510,1,528,1,'2023-05-21 00:00:00'),(511,1,3836,1,'2023-05-20 00:00:00'),(512,1,550,1,'2023-05-19 00:00:00'),(513,1,3446,2,'2023-05-18 00:00:00'),(514,1,2875,3,'2023-05-17 00:00:00'),(515,1,558,2,'2023-05-16 00:00:00'),(516,1,3806,2,'2023-05-15 00:00:00'),(517,1,3788,4,'2023-05-14 00:00:00'),(518,1,2766,1,'2023-05-13 00:00:00'),(519,1,1443,3,'2023-05-12 00:00:00'),(520,1,1458,3,'2023-05-11 00:00:00'),(521,1,4457,3,'2023-05-10 00:00:00'),(522,1,948,4,'2023-05-09 00:00:00'),(523,1,4082,1,'2023-05-08 00:00:00'),(524,1,1908,2,'2023-05-07 00:00:00'),(525,1,3473,2,'2023-05-06 00:00:00'),(526,1,2837,4,'2023-05-05 00:00:00'),(527,1,485,2,'2023-05-04 00:00:00'),(528,1,1067,2,'2023-05-03 00:00:00'),(529,1,3148,2,'2023-05-02 00:00:00'),(530,1,1403,1,'2023-05-01 00:00:00'),(531,1,370,1,'2023-04-30 00:00:00'),(532,1,467,2,'2023-04-29 00:00:00'),(533,1,1302,2,'2023-04-28 00:00:00'),(534,1,1633,2,'2023-04-27 00:00:00'),(535,1,1218,1,'2023-04-26 00:00:00'),(536,1,2355,4,'2023-04-25 00:00:00'),(537,1,2171,3,'2023-04-24 00:00:00'),(538,1,4407,3,'2023-04-23 00:00:00'),(539,1,3495,1,'2023-04-22 00:00:00'),(540,1,2525,3,'2023-04-21 00:00:00'),(541,1,1678,3,'2023-04-20 00:00:00'),(542,1,1778,1,'2023-04-19 00:00:00'),(543,1,1457,1,'2023-04-18 00:00:00'),(544,1,582,1,'2023-04-17 00:00:00'),(545,1,1475,3,'2023-04-16 00:00:00'),(546,1,1494,4,'2023-04-15 00:00:00'),(547,1,3030,2,'2023-04-14 00:00:00'),(548,1,4230,1,'2023-04-13 00:00:00'),(549,1,2275,2,'2023-04-12 00:00:00'),(550,1,908,3,'2023-04-11 00:00:00'),(551,1,382,2,'2023-04-10 00:00:00'),(552,1,4546,2,'2023-04-09 00:00:00'),(553,1,230,1,'2023-04-08 00:00:00'),(554,1,3254,2,'2023-04-07 00:00:00'),(555,2,763,3,'2024-04-05 00:00:00'),(556,2,250,4,'2024-04-04 00:00:00'),(557,2,4255,2,'2024-04-03 00:00:00'),(558,2,2668,2,'2024-04-02 00:00:00'),(559,2,1521,2,'2024-04-01 00:00:00'),(560,2,3189,3,'2024-03-31 00:00:00'),(561,2,3441,3,'2024-03-30 00:00:00'),(562,2,3884,2,'2024-03-29 00:00:00'),(563,2,150,4,'2024-03-28 00:00:00'),(564,2,3770,3,'2024-03-27 00:00:00'),(565,2,2804,4,'2024-03-26 00:00:00'),(566,2,2426,3,'2024-03-25 00:00:00'),(567,2,3410,4,'2024-03-24 00:00:00'),(568,2,480,2,'2024-03-23 00:00:00'),(569,2,628,4,'2024-03-22 00:00:00'),(570,2,3402,2,'2024-03-21 00:00:00'),(571,2,1955,2,'2024-03-20 00:00:00'),(572,2,2561,4,'2024-03-19 00:00:00'),(573,2,143,2,'2024-03-18 00:00:00'),(574,2,1771,2,'2024-03-17 00:00:00'),(575,2,4461,3,'2024-03-16 00:00:00'),(576,2,4505,1,'2024-03-15 00:00:00'),(577,2,1981,4,'2024-03-14 00:00:00'),(578,2,1847,2,'2024-03-13 00:00:00'),(579,2,4537,1,'2024-03-12 00:00:00'),(580,2,3294,1,'2024-03-11 00:00:00'),(581,2,3343,3,'2024-03-10 00:00:00'),(582,2,2431,2,'2024-03-09 00:00:00'),(583,2,2725,3,'2024-03-08 00:00:00'),(584,2,2575,1,'2024-03-07 00:00:00'),(585,2,504,4,'2024-03-06 00:00:00'),(586,2,279,4,'2024-03-05 00:00:00'),(587,2,3316,2,'2024-03-04 00:00:00'),(588,2,3243,1,'2024-03-03 00:00:00'),(589,2,1993,2,'2024-03-02 00:00:00'),(590,2,2617,2,'2024-03-01 00:00:00'),(591,2,1568,4,'2024-02-29 00:00:00'),(592,2,3465,4,'2024-02-28 00:00:00'),(593,2,4033,2,'2024-02-27 00:00:00'),(594,2,1869,4,'2024-02-26 00:00:00'),(595,2,805,3,'2024-02-25 00:00:00'),(596,2,599,3,'2024-02-24 00:00:00'),(597,2,3942,4,'2024-02-23 00:00:00'),(598,2,1394,2,'2024-02-22 00:00:00'),(599,2,2079,3,'2024-02-21 00:00:00'),(600,2,3166,4,'2024-02-20 00:00:00'),(601,2,1168,2,'2024-02-19 00:00:00'),(602,2,2771,3,'2024-02-18 00:00:00'),(603,2,1074,4,'2024-02-17 00:00:00'),(604,2,4024,3,'2024-02-16 00:00:00'),(605,2,250,4,'2024-02-15 00:00:00'),(606,2,2077,2,'2024-02-14 00:00:00'),(607,2,2998,2,'2024-02-13 00:00:00'),(608,2,397,4,'2024-02-12 00:00:00'),(609,2,553,3,'2024-02-11 00:00:00'),(610,2,3944,1,'2024-02-10 00:00:00'),(611,2,3811,3,'2024-02-09 00:00:00'),(612,2,2140,3,'2024-02-08 00:00:00'),(613,2,221,3,'2024-02-07 00:00:00'),(614,2,1023,4,'2024-02-06 00:00:00'),(615,2,3908,1,'2024-02-05 00:00:00'),(616,2,2727,2,'2024-02-04 00:00:00'),(617,2,1466,1,'2024-02-03 00:00:00'),(618,2,2428,4,'2024-02-02 00:00:00'),(619,2,762,2,'2024-02-01 00:00:00'),(620,2,2030,4,'2024-01-31 00:00:00'),(621,2,716,4,'2024-01-30 00:00:00'),(622,2,2426,1,'2024-01-29 00:00:00'),(623,2,3160,2,'2024-01-28 00:00:00'),(624,2,1001,1,'2024-01-27 00:00:00'),(625,2,1599,4,'2024-01-26 00:00:00'),(626,2,2290,3,'2024-01-25 00:00:00'),(627,2,4449,1,'2024-01-24 00:00:00'),(628,2,1853,3,'2024-01-23 00:00:00'),(629,2,3948,4,'2024-01-22 00:00:00'),(630,2,2346,2,'2024-01-21 00:00:00'),(631,2,1831,4,'2024-01-20 00:00:00'),(632,2,3260,1,'2024-01-19 00:00:00'),(633,2,2835,4,'2024-01-18 00:00:00'),(634,2,3557,2,'2024-01-17 00:00:00'),(635,2,1063,1,'2024-01-16 00:00:00'),(636,2,3874,1,'2024-01-15 00:00:00'),(637,2,3975,4,'2024-01-14 00:00:00'),(638,2,4495,4,'2024-01-13 00:00:00'),(639,2,3833,2,'2024-01-12 00:00:00'),(640,2,1396,1,'2024-01-11 00:00:00'),(641,2,2954,3,'2024-01-10 00:00:00'),(642,2,2565,1,'2024-01-09 00:00:00'),(643,2,1105,1,'2024-01-08 00:00:00'),(644,2,4032,2,'2024-01-07 00:00:00'),(645,2,4315,2,'2024-01-06 00:00:00'),(646,2,3555,1,'2024-01-05 00:00:00'),(647,2,3477,3,'2024-01-04 00:00:00'),(648,2,844,2,'2024-01-03 00:00:00'),(649,2,1423,3,'2024-01-02 00:00:00'),(650,2,4285,4,'2024-01-01 00:00:00'),(651,2,2804,3,'2023-12-31 00:00:00'),(652,2,538,3,'2023-12-30 00:00:00'),(653,2,1011,4,'2023-12-29 00:00:00'),(654,2,2757,2,'2023-12-28 00:00:00'),(655,2,1299,3,'2023-12-27 00:00:00'),(656,2,2316,4,'2023-12-26 00:00:00'),(657,2,2985,4,'2023-12-25 00:00:00'),(658,2,1536,3,'2023-12-24 00:00:00'),(659,2,3632,2,'2023-12-23 00:00:00'),(660,2,248,4,'2023-12-22 00:00:00'),(661,2,2946,4,'2023-12-21 00:00:00'),(662,2,1613,2,'2023-12-20 00:00:00'),(663,2,1028,2,'2023-12-19 00:00:00'),(664,2,2236,3,'2023-12-18 00:00:00'),(665,2,323,3,'2023-12-17 00:00:00'),(666,2,268,4,'2023-12-16 00:00:00'),(667,2,998,2,'2023-12-15 00:00:00'),(668,2,1751,3,'2023-12-14 00:00:00'),(669,2,4555,3,'2023-12-13 00:00:00'),(670,2,3073,2,'2023-12-12 00:00:00'),(671,2,816,1,'2023-12-11 00:00:00'),(672,2,3007,2,'2023-12-10 00:00:00'),(673,2,1149,3,'2023-12-09 00:00:00'),(674,2,1841,4,'2023-12-08 00:00:00'),(675,2,3742,1,'2023-12-07 00:00:00'),(676,2,3954,1,'2023-12-06 00:00:00'),(677,2,4406,3,'2023-12-05 00:00:00'),(678,2,881,3,'2023-12-04 00:00:00'),(679,2,2044,3,'2023-12-03 00:00:00'),(680,2,3085,2,'2023-12-02 00:00:00'),(681,2,1461,2,'2023-12-01 00:00:00'),(682,2,3707,1,'2023-11-30 00:00:00'),(683,2,248,4,'2023-11-29 00:00:00'),(684,2,3620,3,'2023-11-28 00:00:00'),(685,2,2455,3,'2023-11-27 00:00:00'),(686,2,2742,3,'2023-11-26 00:00:00'),(687,2,613,4,'2023-11-25 00:00:00'),(688,2,882,2,'2023-11-24 00:00:00'),(689,2,4017,1,'2023-11-23 00:00:00'),(690,2,2221,3,'2023-11-22 00:00:00'),(691,2,1444,2,'2023-11-21 00:00:00'),(692,2,3156,1,'2023-11-20 00:00:00'),(693,2,559,3,'2023-11-19 00:00:00'),(694,2,941,3,'2023-11-18 00:00:00'),(695,2,526,2,'2023-11-17 00:00:00'),(696,2,2397,4,'2023-11-16 00:00:00'),(697,2,1072,2,'2023-11-15 00:00:00'),(698,2,3101,3,'2023-11-14 00:00:00'),(699,2,3927,2,'2023-11-13 00:00:00'),(700,2,2144,2,'2023-11-12 00:00:00'),(701,2,1959,2,'2023-11-11 00:00:00'),(702,2,4271,2,'2023-11-10 00:00:00'),(703,2,2599,2,'2023-11-09 00:00:00'),(704,2,1396,1,'2023-11-08 00:00:00'),(705,2,1625,4,'2023-11-07 00:00:00'),(706,2,3005,3,'2023-11-06 00:00:00'),(707,2,810,2,'2023-11-05 00:00:00'),(708,2,3571,1,'2023-11-04 00:00:00'),(709,2,757,2,'2023-11-03 00:00:00'),(710,2,2638,4,'2023-11-02 00:00:00'),(711,2,4060,1,'2023-11-01 00:00:00'),(712,2,3007,3,'2023-10-31 00:00:00'),(713,2,3740,1,'2023-10-30 00:00:00'),(714,2,1628,4,'2023-10-29 00:00:00'),(715,2,1577,4,'2023-10-28 00:00:00'),(716,2,1838,4,'2023-10-27 00:00:00'),(717,2,3897,2,'2023-10-26 00:00:00'),(718,2,4364,2,'2023-10-25 00:00:00'),(719,2,2081,2,'2023-10-24 00:00:00'),(720,2,3764,1,'2023-10-23 00:00:00'),(721,2,128,4,'2023-10-22 00:00:00'),(722,2,3127,4,'2023-10-21 00:00:00'),(723,2,1146,1,'2023-10-20 00:00:00'),(724,2,652,1,'2023-10-19 00:00:00'),(725,2,2550,3,'2023-10-18 00:00:00'),(726,2,3223,1,'2023-10-17 00:00:00'),(727,2,2806,3,'2023-10-16 00:00:00'),(728,2,3804,3,'2023-10-15 00:00:00'),(729,2,3126,2,'2023-10-14 00:00:00'),(730,2,1540,3,'2023-10-13 00:00:00'),(731,2,3982,3,'2023-10-12 00:00:00'),(732,2,1187,4,'2023-10-11 00:00:00'),(733,2,1540,4,'2023-10-10 00:00:00'),(734,2,3082,4,'2023-10-09 00:00:00'),(735,2,599,1,'2023-10-08 00:00:00'),(736,2,557,3,'2023-10-07 00:00:00'),(737,2,4260,2,'2023-10-06 00:00:00'),(738,2,346,1,'2023-10-05 00:00:00'),(739,2,2349,4,'2023-10-04 00:00:00'),(740,2,2633,2,'2023-10-03 00:00:00'),(741,2,4123,1,'2023-10-02 00:00:00'),(742,2,1101,3,'2023-10-01 00:00:00'),(743,2,3333,4,'2023-09-30 00:00:00'),(744,2,2832,3,'2023-09-29 00:00:00'),(745,2,4554,1,'2023-09-28 00:00:00'),(746,2,209,3,'2023-09-27 00:00:00'),(747,2,965,1,'2023-09-26 00:00:00'),(748,2,4344,4,'2023-09-25 00:00:00'),(749,2,4241,1,'2023-09-24 00:00:00'),(750,2,3232,2,'2023-09-23 00:00:00'),(751,2,1419,4,'2023-09-22 00:00:00'),(752,2,257,3,'2023-09-21 00:00:00'),(753,2,2309,3,'2023-09-20 00:00:00'),(754,2,3392,1,'2023-09-19 00:00:00'),(755,2,2921,3,'2023-09-18 00:00:00'),(756,2,1042,4,'2023-09-17 00:00:00'),(757,2,887,4,'2023-09-16 00:00:00'),(758,2,1429,2,'2023-09-15 00:00:00'),(759,2,2096,3,'2023-09-14 00:00:00'),(760,2,3151,2,'2023-09-13 00:00:00'),(761,2,1528,4,'2023-09-12 00:00:00'),(762,2,148,4,'2023-09-11 00:00:00'),(763,2,3040,4,'2023-09-10 00:00:00'),(764,2,1456,4,'2023-09-09 00:00:00'),(765,2,2535,2,'2023-09-08 00:00:00'),(766,2,2731,1,'2023-09-07 00:00:00'),(767,2,3676,4,'2023-09-06 00:00:00'),(768,2,4557,3,'2023-09-05 00:00:00'),(769,2,3538,2,'2023-09-04 00:00:00'),(770,2,426,4,'2023-09-03 00:00:00'),(771,2,4508,4,'2023-09-02 00:00:00'),(772,2,1891,1,'2023-09-01 00:00:00'),(773,2,596,3,'2023-08-31 00:00:00'),(774,2,3034,3,'2023-08-30 00:00:00'),(775,2,4246,3,'2023-08-29 00:00:00'),(776,2,3851,1,'2023-08-28 00:00:00'),(777,2,1318,3,'2023-08-27 00:00:00'),(778,2,2560,3,'2023-08-26 00:00:00'),(779,2,3776,2,'2023-08-25 00:00:00'),(780,2,3538,3,'2023-08-24 00:00:00'),(781,2,1809,3,'2023-08-23 00:00:00'),(782,2,939,2,'2023-08-22 00:00:00'),(783,2,3465,4,'2023-08-21 00:00:00'),(784,2,2327,4,'2023-08-20 00:00:00'),(785,2,1690,3,'2023-08-19 00:00:00'),(786,2,4024,4,'2023-08-18 00:00:00'),(787,2,521,4,'2023-08-17 00:00:00'),(788,2,528,2,'2023-08-16 00:00:00'),(789,2,4261,2,'2023-08-15 00:00:00'),(790,2,2315,4,'2023-08-14 00:00:00'),(791,2,434,3,'2023-08-13 00:00:00'),(792,2,259,1,'2023-08-12 00:00:00'),(793,2,470,3,'2023-08-11 00:00:00'),(794,2,826,4,'2023-08-10 00:00:00'),(795,2,3834,2,'2023-08-09 00:00:00'),(796,2,3563,3,'2023-08-08 00:00:00'),(797,2,472,3,'2023-08-07 00:00:00'),(798,2,1734,3,'2023-08-06 00:00:00'),(799,2,1604,4,'2023-08-05 00:00:00'),(800,2,228,1,'2023-08-04 00:00:00'),(801,2,3765,2,'2023-08-03 00:00:00'),(802,2,725,4,'2023-08-02 00:00:00'),(803,2,4109,3,'2023-08-01 00:00:00'),(804,2,2958,1,'2023-07-31 00:00:00'),(805,2,2865,4,'2023-07-30 00:00:00'),(806,2,2137,2,'2023-07-29 00:00:00'),(807,2,1130,4,'2023-07-28 00:00:00'),(808,2,2820,4,'2023-07-27 00:00:00'),(809,2,1453,1,'2023-07-26 00:00:00'),(810,2,2525,1,'2023-07-25 00:00:00'),(811,2,3889,2,'2023-07-24 00:00:00'),(812,2,2399,1,'2023-07-23 00:00:00'),(813,2,798,3,'2023-07-22 00:00:00'),(814,2,2947,4,'2023-07-21 00:00:00'),(815,2,2017,2,'2023-07-20 00:00:00'),(816,2,2936,4,'2023-07-19 00:00:00'),(817,2,3845,1,'2023-07-18 00:00:00'),(818,2,1466,4,'2023-07-17 00:00:00'),(819,2,3739,4,'2023-07-16 00:00:00'),(820,2,430,3,'2023-07-15 00:00:00'),(821,2,3301,4,'2023-07-14 00:00:00'),(822,2,2538,1,'2023-07-13 00:00:00'),(823,2,525,4,'2023-07-12 00:00:00'),(824,2,2213,4,'2023-07-11 00:00:00'),(825,2,4269,1,'2023-07-10 00:00:00'),(826,2,1629,3,'2023-07-09 00:00:00'),(827,2,1435,3,'2023-07-08 00:00:00'),(828,2,1196,3,'2023-07-07 00:00:00'),(829,2,3385,2,'2023-07-06 00:00:00'),(830,2,856,1,'2023-07-05 00:00:00'),(831,2,565,3,'2023-07-04 00:00:00'),(832,2,2616,3,'2023-07-03 00:00:00'),(833,2,1010,2,'2023-07-02 00:00:00'),(834,2,2686,3,'2023-07-01 00:00:00'),(835,2,1300,1,'2023-06-30 00:00:00'),(836,2,1862,3,'2023-06-29 00:00:00'),(837,2,3367,4,'2023-06-28 00:00:00'),(838,2,212,3,'2023-06-27 00:00:00'),(839,2,1288,1,'2023-06-26 00:00:00'),(840,2,516,1,'2023-06-25 00:00:00'),(841,2,659,4,'2023-06-24 00:00:00'),(842,2,4328,1,'2023-06-23 00:00:00'),(843,2,1546,2,'2023-06-22 00:00:00'),(844,2,1956,2,'2023-06-21 00:00:00'),(845,2,787,4,'2023-06-20 00:00:00'),(846,2,3695,1,'2023-06-19 00:00:00'),(847,2,1936,4,'2023-06-18 00:00:00'),(848,2,886,3,'2023-06-17 00:00:00'),(849,2,3711,4,'2023-06-16 00:00:00'),(850,2,267,2,'2023-06-15 00:00:00'),(851,2,1350,3,'2023-06-14 00:00:00'),(852,2,3196,3,'2023-06-13 00:00:00'),(853,2,1801,1,'2023-06-12 00:00:00'),(854,2,2316,4,'2023-06-11 00:00:00'),(855,2,2145,2,'2023-06-10 00:00:00'),(856,2,1244,3,'2023-06-09 00:00:00'),(857,2,782,4,'2023-06-08 00:00:00'),(858,2,1048,1,'2023-06-07 00:00:00'),(859,2,2375,2,'2023-06-06 00:00:00'),(860,2,2112,2,'2023-06-05 00:00:00'),(861,2,525,1,'2023-06-04 00:00:00'),(862,2,557,3,'2023-06-03 00:00:00'),(863,2,2203,1,'2023-06-02 00:00:00'),(864,2,4522,4,'2023-06-01 00:00:00'),(865,2,3239,1,'2023-05-31 00:00:00'),(866,2,4410,4,'2023-05-30 00:00:00'),(867,2,2113,2,'2023-05-29 00:00:00'),(868,2,3003,2,'2023-05-28 00:00:00'),(869,2,911,2,'2023-05-27 00:00:00'),(870,2,1825,3,'2023-05-26 00:00:00'),(871,2,3054,3,'2023-05-25 00:00:00'),(872,2,2979,4,'2023-05-24 00:00:00'),(873,2,4504,4,'2023-05-23 00:00:00'),(874,2,4189,3,'2023-05-22 00:00:00'),(875,2,4473,2,'2023-05-21 00:00:00'),(876,2,4362,3,'2023-05-20 00:00:00'),(877,2,2445,4,'2023-05-19 00:00:00'),(878,2,2079,1,'2023-05-18 00:00:00'),(879,2,3890,2,'2023-05-17 00:00:00'),(880,2,2126,3,'2023-05-16 00:00:00'),(881,2,2821,2,'2023-05-15 00:00:00'),(882,2,3589,2,'2023-05-14 00:00:00'),(883,2,2909,1,'2023-05-13 00:00:00'),(884,2,1131,1,'2023-05-12 00:00:00'),(885,2,3449,4,'2023-05-11 00:00:00'),(886,2,648,1,'2023-05-10 00:00:00'),(887,2,1342,3,'2023-05-09 00:00:00'),(888,2,1619,1,'2023-05-08 00:00:00'),(889,2,4529,3,'2023-05-07 00:00:00'),(890,2,4449,1,'2023-05-06 00:00:00'),(891,2,1508,1,'2023-05-05 00:00:00'),(892,2,3959,1,'2023-05-04 00:00:00'),(893,2,2485,1,'2023-05-03 00:00:00'),(894,2,3016,3,'2023-05-02 00:00:00'),(895,2,2546,3,'2023-05-01 00:00:00'),(896,2,3009,3,'2023-04-30 00:00:00'),(897,2,3985,3,'2023-04-29 00:00:00'),(898,2,3892,3,'2023-04-28 00:00:00'),(899,2,882,3,'2023-04-27 00:00:00'),(900,2,3959,4,'2023-04-26 00:00:00'),(901,2,3533,4,'2023-04-25 00:00:00'),(902,2,1977,2,'2023-04-24 00:00:00'),(903,2,3558,3,'2023-04-23 00:00:00'),(904,2,3385,3,'2023-04-22 00:00:00'),(905,2,3951,1,'2023-04-21 00:00:00'),(906,2,3183,3,'2023-04-20 00:00:00'),(907,2,2997,4,'2023-04-19 00:00:00'),(908,2,2180,2,'2023-04-18 00:00:00'),(909,2,2730,2,'2023-04-17 00:00:00'),(910,2,1045,4,'2023-04-16 00:00:00'),(911,2,374,4,'2023-04-15 00:00:00'),(912,2,3095,3,'2023-04-14 00:00:00'),(913,2,3682,3,'2023-04-13 00:00:00'),(914,2,133,3,'2023-04-12 00:00:00'),(915,2,3593,4,'2023-04-11 00:00:00'),(916,2,804,4,'2023-04-10 00:00:00'),(917,2,159,3,'2023-04-09 00:00:00'),(918,2,2815,1,'2023-04-08 00:00:00'),(919,2,493,2,'2023-04-07 00:00:00'),(920,3,2135,1,'2024-04-05 00:00:00'),(921,3,2107,2,'2024-04-04 00:00:00'),(922,3,3557,3,'2024-04-03 00:00:00'),(923,3,1778,3,'2024-04-02 00:00:00'),(924,3,801,2,'2024-04-01 00:00:00'),(925,3,2376,4,'2024-03-31 00:00:00'),(926,3,2148,3,'2024-03-30 00:00:00'),(927,3,3685,1,'2024-03-29 00:00:00'),(928,3,3757,2,'2024-03-28 00:00:00'),(929,3,1086,1,'2024-03-27 00:00:00'),(930,3,1759,3,'2024-03-26 00:00:00'),(931,3,695,2,'2024-03-25 00:00:00'),(932,3,1648,3,'2024-03-24 00:00:00'),(933,3,676,2,'2024-03-23 00:00:00'),(934,3,3460,4,'2024-03-22 00:00:00'),(935,3,1892,2,'2024-03-21 00:00:00'),(936,3,2577,1,'2024-03-20 00:00:00'),(937,3,4535,2,'2024-03-19 00:00:00'),(938,3,4109,3,'2024-03-18 00:00:00'),(939,3,314,3,'2024-03-17 00:00:00'),(940,3,1462,4,'2024-03-16 00:00:00'),(941,3,3294,2,'2024-03-15 00:00:00'),(942,3,1309,2,'2024-03-14 00:00:00'),(943,3,2831,4,'2024-03-13 00:00:00'),(944,3,1526,4,'2024-03-12 00:00:00'),(945,3,1102,3,'2024-03-11 00:00:00'),(946,3,2293,3,'2024-03-10 00:00:00'),(947,3,287,2,'2024-03-09 00:00:00'),(948,3,3346,2,'2024-03-08 00:00:00'),(949,3,4289,4,'2024-03-07 00:00:00'),(950,3,3917,2,'2024-03-06 00:00:00'),(951,3,3299,3,'2024-03-05 00:00:00'),(952,3,3251,3,'2024-03-04 00:00:00'),(953,3,2298,3,'2024-03-03 00:00:00'),(954,3,321,4,'2024-03-02 00:00:00'),(955,3,2786,2,'2024-03-01 00:00:00'),(956,3,4132,3,'2024-02-29 00:00:00'),(957,3,1176,1,'2024-02-28 00:00:00'),(958,3,4244,4,'2024-02-27 00:00:00'),(959,3,3142,2,'2024-02-26 00:00:00'),(960,3,1971,2,'2024-02-25 00:00:00'),(961,3,340,3,'2024-02-24 00:00:00'),(962,3,1051,2,'2024-02-23 00:00:00'),(963,3,3952,1,'2024-02-22 00:00:00'),(964,3,1315,2,'2024-02-21 00:00:00'),(965,3,1925,1,'2024-02-20 00:00:00'),(966,3,2917,3,'2024-02-19 00:00:00'),(967,3,3074,4,'2024-02-18 00:00:00'),(968,3,3769,1,'2024-02-17 00:00:00'),(969,3,2550,4,'2024-02-16 00:00:00'),(970,3,411,1,'2024-02-15 00:00:00'),(971,3,3690,1,'2024-02-14 00:00:00'),(972,3,437,1,'2024-02-13 00:00:00'),(973,3,257,3,'2024-02-12 00:00:00'),(974,3,184,4,'2024-02-11 00:00:00'),(975,3,3543,3,'2024-02-10 00:00:00'),(976,3,2821,2,'2024-02-09 00:00:00'),(977,3,2516,4,'2024-02-08 00:00:00'),(978,3,3255,4,'2024-02-07 00:00:00'),(979,3,1301,2,'2024-02-06 00:00:00'),(980,3,1226,2,'2024-02-05 00:00:00'),(981,3,4223,2,'2024-02-04 00:00:00'),(982,3,2057,1,'2024-02-03 00:00:00'),(983,3,777,4,'2024-02-02 00:00:00'),(984,3,1564,3,'2024-02-01 00:00:00'),(985,3,2242,4,'2024-01-31 00:00:00'),(986,3,833,1,'2024-01-30 00:00:00'),(987,3,1443,3,'2024-01-29 00:00:00'),(988,3,4467,1,'2024-01-28 00:00:00'),(989,3,309,2,'2024-01-27 00:00:00'),(990,3,2593,2,'2024-01-26 00:00:00'),(991,3,2691,4,'2024-01-25 00:00:00'),(992,3,2371,2,'2024-01-24 00:00:00'),(993,3,2913,3,'2024-01-23 00:00:00'),(994,3,4212,3,'2024-01-22 00:00:00'),(995,3,651,2,'2024-01-21 00:00:00'),(996,3,2571,4,'2024-01-20 00:00:00'),(997,3,445,1,'2024-01-19 00:00:00'),(998,3,1425,3,'2024-01-18 00:00:00'),(999,3,1451,4,'2024-01-17 00:00:00'),(1000,3,1949,3,'2024-01-16 00:00:00'),(1001,3,1720,1,'2024-01-15 00:00:00'),(1002,3,2673,1,'2024-01-14 00:00:00'),(1003,3,4142,4,'2024-01-13 00:00:00'),(1004,3,1394,3,'2024-01-12 00:00:00'),(1005,3,153,4,'2024-01-11 00:00:00'),(1006,3,2647,2,'2024-01-10 00:00:00'),(1007,3,3200,1,'2024-01-09 00:00:00'),(1008,3,374,2,'2024-01-08 00:00:00'),(1009,3,2300,1,'2024-01-07 00:00:00'),(1010,3,2160,4,'2024-01-06 00:00:00'),(1011,3,4466,2,'2024-01-05 00:00:00'),(1012,3,2932,3,'2024-01-04 00:00:00'),(1013,3,3785,3,'2024-01-03 00:00:00'),(1014,3,2597,4,'2024-01-02 00:00:00'),(1015,3,1252,4,'2024-01-01 00:00:00'),(1016,3,2369,1,'2023-12-31 00:00:00'),(1017,3,1891,1,'2023-12-30 00:00:00'),(1018,3,2961,4,'2023-12-29 00:00:00'),(1019,3,4495,1,'2023-12-28 00:00:00'),(1020,3,1684,4,'2023-12-27 00:00:00'),(1021,3,3254,2,'2023-12-26 00:00:00'),(1022,3,3731,4,'2023-12-25 00:00:00'),(1023,3,2328,2,'2023-12-24 00:00:00'),(1024,3,2527,2,'2023-12-23 00:00:00'),(1025,3,3425,1,'2023-12-22 00:00:00'),(1026,3,1117,4,'2023-12-21 00:00:00'),(1027,3,3656,2,'2023-12-20 00:00:00'),(1028,3,1511,4,'2023-12-19 00:00:00'),(1029,3,225,2,'2023-12-18 00:00:00'),(1030,3,2765,1,'2023-12-17 00:00:00'),(1031,3,3908,1,'2023-12-16 00:00:00'),(1032,3,1267,1,'2023-12-15 00:00:00'),(1033,3,2760,1,'2023-12-14 00:00:00'),(1034,3,266,1,'2023-12-13 00:00:00'),(1035,3,865,3,'2023-12-12 00:00:00'),(1036,3,3750,1,'2023-12-11 00:00:00'),(1037,3,810,3,'2023-12-10 00:00:00'),(1038,3,3740,2,'2023-12-09 00:00:00'),(1039,3,2814,2,'2023-12-08 00:00:00'),(1040,3,1180,1,'2023-12-07 00:00:00'),(1041,3,902,4,'2023-12-06 00:00:00'),(1042,3,3103,4,'2023-12-05 00:00:00'),(1043,3,1523,4,'2023-12-04 00:00:00'),(1044,3,1666,2,'2023-12-03 00:00:00'),(1045,3,3663,4,'2023-12-02 00:00:00'),(1046,3,1598,3,'2023-12-01 00:00:00'),(1047,3,530,2,'2023-11-30 00:00:00'),(1048,3,453,2,'2023-11-29 00:00:00'),(1049,3,2799,3,'2023-11-28 00:00:00'),(1050,3,2733,1,'2023-11-27 00:00:00'),(1051,3,2968,4,'2023-11-26 00:00:00'),(1052,3,2503,1,'2023-11-25 00:00:00'),(1053,3,2185,2,'2023-11-24 00:00:00'),(1054,3,1012,3,'2023-11-23 00:00:00'),(1055,3,4115,4,'2023-11-22 00:00:00'),(1056,3,3933,1,'2023-11-21 00:00:00'),(1057,3,543,1,'2023-11-20 00:00:00'),(1058,3,3606,4,'2023-11-19 00:00:00'),(1059,3,1315,2,'2023-11-18 00:00:00'),(1060,3,129,1,'2023-11-17 00:00:00'),(1061,3,1919,3,'2023-11-16 00:00:00'),(1062,3,4311,3,'2023-11-15 00:00:00'),(1063,3,2460,1,'2023-11-14 00:00:00'),(1064,3,459,4,'2023-11-13 00:00:00'),(1065,3,3424,3,'2023-11-12 00:00:00'),(1066,3,1763,1,'2023-11-11 00:00:00'),(1067,3,4209,3,'2023-11-10 00:00:00'),(1068,3,381,2,'2023-11-09 00:00:00'),(1069,3,1889,2,'2023-11-08 00:00:00'),(1070,3,245,3,'2023-11-07 00:00:00'),(1071,3,1042,1,'2023-11-06 00:00:00'),(1072,3,1131,3,'2023-11-05 00:00:00'),(1073,3,126,1,'2023-11-04 00:00:00'),(1074,3,180,3,'2023-11-03 00:00:00'),(1075,3,4280,3,'2023-11-02 00:00:00'),(1076,3,1041,3,'2023-11-01 00:00:00'),(1077,3,1795,2,'2023-10-31 00:00:00'),(1078,3,4031,3,'2023-10-30 00:00:00'),(1079,3,4015,2,'2023-10-29 00:00:00'),(1080,3,4381,2,'2023-10-28 00:00:00'),(1081,3,2875,3,'2023-10-27 00:00:00'),(1082,3,1814,1,'2023-10-26 00:00:00'),(1083,3,3161,1,'2023-10-25 00:00:00'),(1084,3,1354,4,'2023-10-24 00:00:00'),(1085,3,1678,2,'2023-10-23 00:00:00'),(1086,3,3626,2,'2023-10-22 00:00:00'),(1087,3,527,1,'2023-10-21 00:00:00'),(1088,3,3115,1,'2023-10-20 00:00:00'),(1089,3,1768,4,'2023-10-19 00:00:00'),(1090,3,3608,2,'2023-10-18 00:00:00'),(1091,3,4160,2,'2023-10-17 00:00:00'),(1092,3,1131,3,'2023-10-16 00:00:00'),(1093,3,2297,2,'2023-10-15 00:00:00'),(1094,3,2655,2,'2023-10-14 00:00:00'),(1095,3,3454,4,'2023-10-13 00:00:00'),(1096,3,2772,2,'2023-10-12 00:00:00'),(1097,3,4200,3,'2023-10-11 00:00:00'),(1098,3,2086,4,'2023-10-10 00:00:00'),(1099,3,3982,4,'2023-10-09 00:00:00'),(1100,3,2490,4,'2023-10-08 00:00:00'),(1101,3,3350,2,'2023-10-07 00:00:00'),(1102,3,2393,4,'2023-10-06 00:00:00'),(1103,3,631,4,'2023-10-05 00:00:00'),(1104,3,391,2,'2023-10-04 00:00:00'),(1105,3,1768,1,'2023-10-03 00:00:00'),(1106,3,2692,3,'2023-10-02 00:00:00'),(1107,3,4349,1,'2023-10-01 00:00:00'),(1108,3,4312,3,'2023-09-30 00:00:00'),(1109,3,3597,1,'2023-09-29 00:00:00'),(1110,3,3729,3,'2023-09-28 00:00:00'),(1111,3,596,4,'2023-09-27 00:00:00'),(1112,3,1342,1,'2023-09-26 00:00:00'),(1113,3,4489,3,'2023-09-25 00:00:00'),(1114,3,2313,1,'2023-09-24 00:00:00'),(1115,3,3918,1,'2023-09-23 00:00:00'),(1116,3,2872,3,'2023-09-22 00:00:00'),(1117,3,1020,4,'2023-09-21 00:00:00'),(1118,3,468,2,'2023-09-20 00:00:00'),(1119,3,3781,4,'2023-09-19 00:00:00'),(1120,3,623,1,'2023-09-18 00:00:00'),(1121,3,2287,1,'2023-09-17 00:00:00'),(1122,3,2785,3,'2023-09-16 00:00:00'),(1123,3,1974,2,'2023-09-15 00:00:00'),(1124,3,2661,3,'2023-09-14 00:00:00'),(1125,3,2334,2,'2023-09-13 00:00:00'),(1126,3,1799,1,'2023-09-12 00:00:00'),(1127,3,832,4,'2023-09-11 00:00:00'),(1128,3,3868,4,'2023-09-10 00:00:00'),(1129,3,421,1,'2023-09-09 00:00:00'),(1130,3,867,1,'2023-09-08 00:00:00'),(1131,3,4493,1,'2023-09-07 00:00:00'),(1132,3,4419,1,'2023-09-06 00:00:00'),(1133,3,1122,4,'2023-09-05 00:00:00'),(1134,3,2272,1,'2023-09-04 00:00:00'),(1135,3,3983,2,'2023-09-03 00:00:00'),(1136,3,4044,2,'2023-09-02 00:00:00'),(1137,3,134,2,'2023-09-01 00:00:00'),(1138,3,2315,3,'2023-08-31 00:00:00'),(1139,3,1881,4,'2023-08-30 00:00:00'),(1140,3,3119,3,'2023-08-29 00:00:00'),(1141,3,1631,1,'2023-08-28 00:00:00'),(1142,3,1147,4,'2023-08-27 00:00:00'),(1143,3,3884,4,'2023-08-26 00:00:00'),(1144,3,2437,1,'2023-08-25 00:00:00'),(1145,3,1520,3,'2023-08-24 00:00:00'),(1146,3,2121,4,'2023-08-23 00:00:00'),(1147,3,4219,2,'2023-08-22 00:00:00'),(1148,3,2883,3,'2023-08-21 00:00:00'),(1149,3,3909,1,'2023-08-20 00:00:00'),(1150,3,3045,3,'2023-08-19 00:00:00'),(1151,3,3782,3,'2023-08-18 00:00:00'),(1152,3,3169,4,'2023-08-17 00:00:00'),(1153,3,375,1,'2023-08-16 00:00:00'),(1154,3,4521,2,'2023-08-15 00:00:00'),(1155,3,1408,3,'2023-08-14 00:00:00'),(1156,3,195,2,'2023-08-13 00:00:00'),(1157,3,2164,4,'2023-08-12 00:00:00'),(1158,3,329,2,'2023-08-11 00:00:00'),(1159,3,2365,2,'2023-08-10 00:00:00'),(1160,3,2162,4,'2023-08-09 00:00:00'),(1161,3,235,4,'2023-08-08 00:00:00'),(1162,3,3813,4,'2023-08-07 00:00:00'),(1163,3,2777,3,'2023-08-06 00:00:00'),(1164,3,2960,2,'2023-08-05 00:00:00'),(1165,3,3462,4,'2023-08-04 00:00:00'),(1166,3,1153,3,'2023-08-03 00:00:00'),(1167,3,1766,1,'2023-08-02 00:00:00'),(1168,3,2825,2,'2023-08-01 00:00:00'),(1169,3,1625,4,'2023-07-31 00:00:00'),(1170,3,3889,4,'2023-07-30 00:00:00'),(1171,3,1339,3,'2023-07-29 00:00:00'),(1172,3,866,3,'2023-07-28 00:00:00'),(1173,3,958,2,'2023-07-27 00:00:00'),(1174,3,181,3,'2023-07-26 00:00:00'),(1175,3,2298,2,'2023-07-25 00:00:00'),(1176,3,4179,2,'2023-07-24 00:00:00'),(1177,3,1824,3,'2023-07-23 00:00:00'),(1178,3,1141,4,'2023-07-22 00:00:00'),(1179,3,379,1,'2023-07-21 00:00:00'),(1180,3,3698,4,'2023-07-20 00:00:00'),(1181,3,1079,1,'2023-07-19 00:00:00'),(1182,3,3581,4,'2023-07-18 00:00:00'),(1183,3,4476,2,'2023-07-17 00:00:00'),(1184,3,1298,1,'2023-07-16 00:00:00'),(1185,3,3905,1,'2023-07-15 00:00:00'),(1186,3,445,4,'2023-07-14 00:00:00'),(1187,3,1971,2,'2023-07-13 00:00:00'),(1188,3,2687,2,'2023-07-12 00:00:00'),(1189,3,3902,1,'2023-07-11 00:00:00'),(1190,3,3244,1,'2023-07-10 00:00:00'),(1191,3,1729,2,'2023-07-09 00:00:00'),(1192,3,3844,3,'2023-07-08 00:00:00'),(1193,3,2699,4,'2023-07-07 00:00:00'),(1194,3,899,1,'2023-07-06 00:00:00'),(1195,3,3832,1,'2023-07-05 00:00:00'),(1196,3,1103,3,'2023-07-04 00:00:00'),(1197,3,1443,3,'2023-07-03 00:00:00'),(1198,3,1609,4,'2023-07-02 00:00:00'),(1199,3,286,3,'2023-07-01 00:00:00'),(1200,3,913,4,'2023-06-30 00:00:00'),(1201,3,547,1,'2023-06-29 00:00:00'),(1202,3,2444,2,'2023-06-28 00:00:00'),(1203,3,471,3,'2023-06-27 00:00:00'),(1204,3,3815,4,'2023-06-26 00:00:00'),(1205,3,2752,4,'2023-06-25 00:00:00'),(1206,3,3644,4,'2023-06-24 00:00:00'),(1207,3,3333,3,'2023-06-23 00:00:00'),(1208,3,764,3,'2023-06-22 00:00:00'),(1209,3,2199,3,'2023-06-21 00:00:00'),(1210,3,1635,2,'2023-06-20 00:00:00'),(1211,3,2400,3,'2023-06-19 00:00:00'),(1212,3,2409,4,'2023-06-18 00:00:00'),(1213,3,2931,4,'2023-06-17 00:00:00'),(1214,3,2731,2,'2023-06-16 00:00:00'),(1215,3,3336,1,'2023-06-15 00:00:00'),(1216,3,1758,4,'2023-06-14 00:00:00'),(1217,3,974,1,'2023-06-13 00:00:00'),(1218,3,4320,4,'2023-06-12 00:00:00'),(1219,3,1168,4,'2023-06-11 00:00:00'),(1220,3,1282,1,'2023-06-10 00:00:00'),(1221,3,2729,3,'2023-06-09 00:00:00'),(1222,3,1389,3,'2023-06-08 00:00:00'),(1223,3,2097,2,'2023-06-07 00:00:00'),(1224,3,4295,3,'2023-06-06 00:00:00'),(1225,3,4045,4,'2023-06-05 00:00:00'),(1226,3,4168,1,'2023-06-04 00:00:00'),(1227,3,4163,4,'2023-06-03 00:00:00'),(1228,3,1160,1,'2023-06-02 00:00:00'),(1229,3,1343,4,'2023-06-01 00:00:00'),(1230,3,3450,3,'2023-05-31 00:00:00'),(1231,3,4347,3,'2023-05-30 00:00:00'),(1232,3,163,1,'2023-05-29 00:00:00'),(1233,3,2363,1,'2023-05-28 00:00:00'),(1234,3,3216,2,'2023-05-27 00:00:00'),(1235,3,1166,2,'2023-05-26 00:00:00'),(1236,3,1195,1,'2023-05-25 00:00:00'),(1237,3,2009,2,'2023-05-24 00:00:00'),(1238,3,3269,4,'2023-05-23 00:00:00'),(1239,3,2698,2,'2023-05-22 00:00:00'),(1240,3,2747,4,'2023-05-21 00:00:00'),(1241,3,1480,2,'2023-05-20 00:00:00'),(1242,3,557,2,'2023-05-19 00:00:00'),(1243,3,3737,3,'2023-05-18 00:00:00'),(1244,3,4326,4,'2023-05-17 00:00:00'),(1245,3,1680,1,'2023-05-16 00:00:00'),(1246,3,1253,2,'2023-05-15 00:00:00'),(1247,3,2205,4,'2023-05-14 00:00:00'),(1248,3,1132,1,'2023-05-13 00:00:00'),(1249,3,326,2,'2023-05-12 00:00:00'),(1250,3,4458,3,'2023-05-11 00:00:00'),(1251,3,3276,3,'2023-05-10 00:00:00'),(1252,3,4075,1,'2023-05-09 00:00:00'),(1253,3,4220,4,'2023-05-08 00:00:00'),(1254,3,2365,3,'2023-05-07 00:00:00'),(1255,3,2373,1,'2023-05-06 00:00:00'),(1256,3,2975,3,'2023-05-05 00:00:00'),(1257,3,3972,1,'2023-05-04 00:00:00'),(1258,3,2616,1,'2023-05-03 00:00:00'),(1259,3,4015,4,'2023-05-02 00:00:00'),(1260,3,2689,2,'2023-05-01 00:00:00'),(1261,3,3565,3,'2023-04-30 00:00:00'),(1262,3,1255,1,'2023-04-29 00:00:00'),(1263,3,1759,4,'2023-04-28 00:00:00'),(1264,3,2668,4,'2023-04-27 00:00:00'),(1265,3,2070,1,'2023-04-26 00:00:00'),(1266,3,1669,1,'2023-04-25 00:00:00'),(1267,3,2116,2,'2023-04-24 00:00:00'),(1268,3,3797,4,'2023-04-23 00:00:00'),(1269,3,1057,4,'2023-04-22 00:00:00'),(1270,3,2939,4,'2023-04-21 00:00:00'),(1271,3,1286,2,'2023-04-20 00:00:00'),(1272,3,905,1,'2023-04-19 00:00:00'),(1273,3,3350,3,'2023-04-18 00:00:00'),(1274,3,4429,4,'2023-04-17 00:00:00'),(1275,3,2923,1,'2023-04-16 00:00:00'),(1276,3,3996,4,'2023-04-15 00:00:00'),(1277,3,242,3,'2023-04-14 00:00:00'),(1278,3,400,4,'2023-04-13 00:00:00'),(1279,3,2752,2,'2023-04-12 00:00:00'),(1280,3,585,1,'2023-04-11 00:00:00'),(1281,3,2052,4,'2023-04-10 00:00:00'),(1282,3,690,3,'2023-04-09 00:00:00'),(1283,3,1523,1,'2023-04-08 00:00:00'),(1284,3,448,3,'2023-04-07 00:00:00'),(1285,4,1404,2,'2024-04-05 00:00:00'),(1286,4,1325,2,'2024-04-04 00:00:00'),(1287,4,4277,1,'2024-04-03 00:00:00'),(1288,4,3930,4,'2024-04-02 00:00:00'),(1289,4,3815,3,'2024-04-01 00:00:00'),(1290,4,2091,4,'2024-03-31 00:00:00'),(1291,4,1912,3,'2024-03-30 00:00:00'),(1292,4,537,3,'2024-03-29 00:00:00'),(1293,4,2945,1,'2024-03-28 00:00:00'),(1294,4,2279,4,'2024-03-27 00:00:00'),(1295,4,442,4,'2024-03-26 00:00:00'),(1296,4,3753,3,'2024-03-25 00:00:00'),(1297,4,984,4,'2024-03-24 00:00:00'),(1298,4,3365,2,'2024-03-23 00:00:00'),(1299,4,3589,1,'2024-03-22 00:00:00'),(1300,4,777,2,'2024-03-21 00:00:00'),(1301,4,3808,2,'2024-03-20 00:00:00'),(1302,4,2204,1,'2024-03-19 00:00:00'),(1303,4,949,1,'2024-03-18 00:00:00'),(1304,4,3531,1,'2024-03-17 00:00:00'),(1305,4,168,3,'2024-03-16 00:00:00'),(1306,4,3438,1,'2024-03-15 00:00:00'),(1307,4,719,4,'2024-03-14 00:00:00'),(1308,4,4084,2,'2024-03-13 00:00:00'),(1309,4,2071,2,'2024-03-12 00:00:00'),(1310,4,2603,1,'2024-03-11 00:00:00'),(1311,4,2635,4,'2024-03-10 00:00:00'),(1312,4,1956,2,'2024-03-09 00:00:00'),(1313,4,968,2,'2024-03-08 00:00:00'),(1314,4,4124,3,'2024-03-07 00:00:00'),(1315,4,591,4,'2024-03-06 00:00:00'),(1316,4,2915,4,'2024-03-05 00:00:00'),(1317,4,3135,2,'2024-03-04 00:00:00'),(1318,4,2307,3,'2024-03-03 00:00:00'),(1319,4,685,2,'2024-03-02 00:00:00'),(1320,4,3211,2,'2024-03-01 00:00:00'),(1321,4,3973,1,'2024-02-29 00:00:00'),(1322,4,4408,1,'2024-02-28 00:00:00'),(1323,4,1572,2,'2024-02-27 00:00:00'),(1324,4,2982,4,'2024-02-26 00:00:00'),(1325,4,2867,2,'2024-02-25 00:00:00'),(1326,4,552,4,'2024-02-24 00:00:00'),(1327,4,387,4,'2024-02-23 00:00:00'),(1328,4,2019,4,'2024-02-22 00:00:00'),(1329,4,414,2,'2024-02-21 00:00:00'),(1330,4,4231,2,'2024-02-20 00:00:00'),(1331,4,1943,2,'2024-02-19 00:00:00'),(1332,4,872,1,'2024-02-18 00:00:00'),(1333,4,2399,4,'2024-02-17 00:00:00'),(1334,4,3525,1,'2024-02-16 00:00:00'),(1335,4,1615,1,'2024-02-15 00:00:00'),(1336,4,2142,4,'2024-02-14 00:00:00'),(1337,4,1392,4,'2024-02-13 00:00:00'),(1338,4,1600,4,'2024-02-12 00:00:00'),(1339,4,1009,1,'2024-02-11 00:00:00'),(1340,4,4380,2,'2024-02-10 00:00:00'),(1341,4,3885,3,'2024-02-09 00:00:00'),(1342,4,3683,3,'2024-02-08 00:00:00'),(1343,4,2181,2,'2024-02-07 00:00:00'),(1344,4,3784,2,'2024-02-06 00:00:00'),(1345,4,1786,3,'2024-02-05 00:00:00'),(1346,4,3946,1,'2024-02-04 00:00:00'),(1347,4,1922,4,'2024-02-03 00:00:00'),(1348,4,2090,2,'2024-02-02 00:00:00'),(1349,4,984,2,'2024-02-01 00:00:00'),(1350,4,4033,4,'2024-01-31 00:00:00'),(1351,4,380,1,'2024-01-30 00:00:00'),(1352,4,2318,4,'2024-01-29 00:00:00'),(1353,4,3383,3,'2024-01-28 00:00:00'),(1354,4,1995,2,'2024-01-27 00:00:00'),(1355,4,3663,4,'2024-01-26 00:00:00'),(1356,4,992,3,'2024-01-25 00:00:00'),(1357,4,980,1,'2024-01-24 00:00:00'),(1358,4,2900,4,'2024-01-23 00:00:00'),(1359,4,2352,4,'2024-01-22 00:00:00'),(1360,4,2680,2,'2024-01-21 00:00:00'),(1361,4,1907,4,'2024-01-20 00:00:00'),(1362,4,2492,2,'2024-01-19 00:00:00'),(1363,4,2500,2,'2024-01-18 00:00:00'),(1364,4,3320,3,'2024-01-17 00:00:00'),(1365,4,4041,3,'2024-01-16 00:00:00'),(1366,4,4423,1,'2024-01-15 00:00:00'),(1367,4,3094,3,'2024-01-14 00:00:00'),(1368,4,983,2,'2024-01-13 00:00:00'),(1369,4,1816,4,'2024-01-12 00:00:00'),(1370,4,2472,3,'2024-01-11 00:00:00'),(1371,4,558,2,'2024-01-10 00:00:00'),(1372,4,2131,2,'2024-01-09 00:00:00'),(1373,4,2840,1,'2024-01-08 00:00:00'),(1374,4,3122,1,'2024-01-07 00:00:00'),(1375,4,3967,4,'2024-01-06 00:00:00'),(1376,4,3386,2,'2024-01-05 00:00:00'),(1377,4,2399,2,'2024-01-04 00:00:00'),(1378,4,3316,2,'2024-01-03 00:00:00'),(1379,4,3754,3,'2024-01-02 00:00:00'),(1380,4,3833,4,'2024-01-01 00:00:00'),(1381,4,3518,1,'2023-12-31 00:00:00'),(1382,4,1438,2,'2023-12-30 00:00:00'),(1383,4,1357,3,'2023-12-29 00:00:00'),(1384,4,3519,2,'2023-12-28 00:00:00'),(1385,4,593,3,'2023-12-27 00:00:00'),(1386,4,3057,4,'2023-12-26 00:00:00'),(1387,4,923,2,'2023-12-25 00:00:00'),(1388,4,4154,2,'2023-12-24 00:00:00'),(1389,4,3251,3,'2023-12-23 00:00:00'),(1390,4,3692,3,'2023-12-22 00:00:00'),(1391,4,4270,2,'2023-12-21 00:00:00'),(1392,4,1775,1,'2023-12-20 00:00:00'),(1393,4,3226,4,'2023-12-19 00:00:00'),(1394,4,1129,1,'2023-12-18 00:00:00'),(1395,4,4048,4,'2023-12-17 00:00:00'),(1396,4,3683,3,'2023-12-16 00:00:00'),(1397,4,4427,3,'2023-12-15 00:00:00'),(1398,4,4371,3,'2023-12-14 00:00:00'),(1399,4,3840,2,'2023-12-13 00:00:00'),(1400,4,2369,3,'2023-12-12 00:00:00'),(1401,4,1403,3,'2023-12-11 00:00:00'),(1402,4,515,4,'2023-12-10 00:00:00'),(1403,4,3589,2,'2023-12-09 00:00:00'),(1404,4,1111,3,'2023-12-08 00:00:00'),(1405,4,2836,2,'2023-12-07 00:00:00'),(1406,4,696,2,'2023-12-06 00:00:00'),(1407,4,3144,1,'2023-12-05 00:00:00'),(1408,4,865,2,'2023-12-04 00:00:00'),(1409,4,4538,4,'2023-12-03 00:00:00'),(1410,4,1738,2,'2023-12-02 00:00:00'),(1411,4,4502,4,'2023-12-01 00:00:00'),(1412,4,2084,4,'2023-11-30 00:00:00'),(1413,4,1370,1,'2023-11-29 00:00:00'),(1414,4,333,3,'2023-11-28 00:00:00'),(1415,4,1116,1,'2023-11-27 00:00:00'),(1416,4,371,1,'2023-11-26 00:00:00'),(1417,4,906,1,'2023-11-25 00:00:00'),(1418,4,2026,1,'2023-11-24 00:00:00'),(1419,4,987,1,'2023-11-23 00:00:00'),(1420,4,723,2,'2023-11-22 00:00:00'),(1421,4,3794,2,'2023-11-21 00:00:00'),(1422,4,1078,2,'2023-11-20 00:00:00'),(1423,4,2184,4,'2023-11-19 00:00:00'),(1424,4,4400,2,'2023-11-18 00:00:00'),(1425,4,4306,4,'2023-11-17 00:00:00'),(1426,4,1812,1,'2023-11-16 00:00:00'),(1427,4,1539,4,'2023-11-15 00:00:00'),(1428,4,2017,1,'2023-11-14 00:00:00'),(1429,4,885,2,'2023-11-13 00:00:00'),(1430,4,3815,1,'2023-11-12 00:00:00'),(1431,4,2739,4,'2023-11-11 00:00:00'),(1432,4,891,2,'2023-11-10 00:00:00'),(1433,4,2546,2,'2023-11-09 00:00:00'),(1434,4,2696,1,'2023-11-08 00:00:00'),(1435,4,893,2,'2023-11-07 00:00:00'),(1436,4,685,2,'2023-11-06 00:00:00'),(1437,4,2982,2,'2023-11-05 00:00:00'),(1438,4,2076,4,'2023-11-04 00:00:00'),(1439,4,4273,2,'2023-11-03 00:00:00'),(1440,4,2188,2,'2023-11-02 00:00:00'),(1441,4,610,4,'2023-11-01 00:00:00'),(1442,4,1204,3,'2023-10-31 00:00:00'),(1443,4,1078,1,'2023-10-30 00:00:00'),(1444,4,3162,3,'2023-10-29 00:00:00'),(1445,4,2492,1,'2023-10-28 00:00:00'),(1446,4,1984,4,'2023-10-27 00:00:00'),(1447,4,212,3,'2023-10-26 00:00:00'),(1448,4,1943,3,'2023-10-25 00:00:00'),(1449,4,3032,1,'2023-10-24 00:00:00'),(1450,4,3453,3,'2023-10-23 00:00:00'),(1451,4,1696,1,'2023-10-22 00:00:00'),(1452,4,2328,1,'2023-10-21 00:00:00'),(1453,4,1644,4,'2023-10-20 00:00:00'),(1454,4,601,2,'2023-10-19 00:00:00'),(1455,4,2921,2,'2023-10-18 00:00:00'),(1456,4,210,1,'2023-10-17 00:00:00'),(1457,4,1907,1,'2023-10-16 00:00:00'),(1458,4,1559,4,'2023-10-15 00:00:00'),(1459,4,3694,2,'2023-10-14 00:00:00'),(1460,4,785,1,'2023-10-13 00:00:00'),(1461,4,3623,2,'2023-10-12 00:00:00'),(1462,4,3232,2,'2023-10-11 00:00:00'),(1463,4,569,2,'2023-10-10 00:00:00'),(1464,4,2430,1,'2023-10-09 00:00:00'),(1465,4,2010,4,'2023-10-08 00:00:00'),(1466,4,1560,1,'2023-10-07 00:00:00'),(1467,4,3342,4,'2023-10-06 00:00:00'),(1468,4,2097,4,'2023-10-05 00:00:00'),(1469,4,1412,2,'2023-10-04 00:00:00'),(1470,4,1636,1,'2023-10-03 00:00:00'),(1471,4,577,1,'2023-10-02 00:00:00'),(1472,4,2065,2,'2023-10-01 00:00:00'),(1473,4,1829,1,'2023-09-30 00:00:00'),(1474,4,272,2,'2023-09-29 00:00:00'),(1475,4,864,3,'2023-09-28 00:00:00'),(1476,4,2405,2,'2023-09-27 00:00:00'),(1477,4,4150,4,'2023-09-26 00:00:00'),(1478,4,2949,3,'2023-09-25 00:00:00'),(1479,4,4462,4,'2023-09-24 00:00:00'),(1480,4,1514,2,'2023-09-23 00:00:00'),(1481,4,1021,2,'2023-09-22 00:00:00'),(1482,4,854,2,'2023-09-21 00:00:00'),(1483,4,2733,4,'2023-09-20 00:00:00'),(1484,4,835,4,'2023-09-19 00:00:00'),(1485,4,4527,4,'2023-09-18 00:00:00'),(1486,4,1278,1,'2023-09-17 00:00:00'),(1487,4,2100,2,'2023-09-16 00:00:00'),(1488,4,1982,3,'2023-09-15 00:00:00'),(1489,4,443,4,'2023-09-14 00:00:00'),(1490,4,3673,1,'2023-09-13 00:00:00'),(1491,4,4055,4,'2023-09-12 00:00:00'),(1492,4,3959,2,'2023-09-11 00:00:00'),(1493,4,1660,4,'2023-09-10 00:00:00'),(1494,4,507,3,'2023-09-09 00:00:00'),(1495,4,4427,1,'2023-09-08 00:00:00'),(1496,4,2202,1,'2023-09-07 00:00:00'),(1497,4,4028,1,'2023-09-06 00:00:00'),(1498,4,3816,4,'2023-09-05 00:00:00'),(1499,4,3344,3,'2023-09-04 00:00:00'),(1500,4,891,4,'2023-09-03 00:00:00'),(1501,4,3989,4,'2023-09-02 00:00:00'),(1502,4,3771,1,'2023-09-01 00:00:00'),(1503,4,4275,4,'2023-08-31 00:00:00'),(1504,4,4490,1,'2023-08-30 00:00:00'),(1505,4,598,1,'2023-08-29 00:00:00'),(1506,4,3518,4,'2023-08-28 00:00:00'),(1507,4,3226,3,'2023-08-27 00:00:00'),(1508,4,4532,3,'2023-08-26 00:00:00'),(1509,4,898,2,'2023-08-25 00:00:00'),(1510,4,3126,1,'2023-08-24 00:00:00'),(1511,4,2463,2,'2023-08-23 00:00:00'),(1512,4,1697,4,'2023-08-22 00:00:00'),(1513,4,4204,3,'2023-08-21 00:00:00'),(1514,4,1592,1,'2023-08-20 00:00:00'),(1515,4,827,2,'2023-08-19 00:00:00'),(1516,4,3869,4,'2023-08-18 00:00:00'),(1517,4,769,3,'2023-08-17 00:00:00'),(1518,4,1169,4,'2023-08-16 00:00:00'),(1519,4,1887,2,'2023-08-15 00:00:00'),(1520,4,1811,3,'2023-08-14 00:00:00'),(1521,4,790,4,'2023-08-13 00:00:00'),(1522,4,587,3,'2023-08-12 00:00:00'),(1523,4,2367,2,'2023-08-11 00:00:00'),(1524,4,2847,3,'2023-08-10 00:00:00'),(1525,4,2693,1,'2023-08-09 00:00:00'),(1526,4,212,4,'2023-08-08 00:00:00'),(1527,4,4085,4,'2023-08-07 00:00:00'),(1528,4,2393,4,'2023-08-06 00:00:00'),(1529,4,2228,2,'2023-08-05 00:00:00'),(1530,4,2991,2,'2023-08-04 00:00:00'),(1531,4,1403,3,'2023-08-03 00:00:00'),(1532,4,3960,4,'2023-08-02 00:00:00'),(1533,4,2128,3,'2023-08-01 00:00:00'),(1534,4,3721,4,'2023-07-31 00:00:00'),(1535,4,1044,1,'2023-07-30 00:00:00'),(1536,4,610,2,'2023-07-29 00:00:00'),(1537,4,343,3,'2023-07-28 00:00:00'),(1538,4,1142,1,'2023-07-27 00:00:00'),(1539,4,1289,1,'2023-07-26 00:00:00'),(1540,4,1845,1,'2023-07-25 00:00:00'),(1541,4,4494,1,'2023-07-24 00:00:00'),(1542,4,4095,1,'2023-07-23 00:00:00'),(1543,4,2346,1,'2023-07-22 00:00:00'),(1544,4,1686,2,'2023-07-21 00:00:00'),(1545,4,3994,4,'2023-07-20 00:00:00'),(1546,4,1124,1,'2023-07-19 00:00:00'),(1547,4,1350,4,'2023-07-18 00:00:00'),(1548,4,1764,3,'2023-07-17 00:00:00'),(1549,4,835,1,'2023-07-16 00:00:00'),(1550,4,1819,1,'2023-07-15 00:00:00'),(1551,4,667,4,'2023-07-14 00:00:00'),(1552,4,2148,3,'2023-07-13 00:00:00'),(1553,4,366,2,'2023-07-12 00:00:00'),(1554,4,4165,3,'2023-07-11 00:00:00'),(1555,4,1125,3,'2023-07-10 00:00:00'),(1556,4,3431,3,'2023-07-09 00:00:00'),(1557,4,581,2,'2023-07-08 00:00:00'),(1558,4,1753,2,'2023-07-07 00:00:00'),(1559,4,1715,2,'2023-07-06 00:00:00'),(1560,4,1528,1,'2023-07-05 00:00:00'),(1561,4,2670,1,'2023-07-04 00:00:00'),(1562,4,1698,1,'2023-07-03 00:00:00'),(1563,4,3264,4,'2023-07-02 00:00:00'),(1564,4,2868,1,'2023-07-01 00:00:00'),(1565,4,2363,2,'2023-06-30 00:00:00'),(1566,4,879,4,'2023-06-29 00:00:00'),(1567,4,3004,3,'2023-06-28 00:00:00'),(1568,4,4565,3,'2023-06-27 00:00:00'),(1569,4,782,4,'2023-06-26 00:00:00'),(1570,4,2799,3,'2023-06-25 00:00:00'),(1571,4,531,1,'2023-06-24 00:00:00'),(1572,4,2839,1,'2023-06-23 00:00:00'),(1573,4,2350,3,'2023-06-22 00:00:00'),(1574,4,2143,2,'2023-06-21 00:00:00'),(1575,4,3776,4,'2023-06-20 00:00:00'),(1576,4,890,4,'2023-06-19 00:00:00'),(1577,4,2466,3,'2023-06-18 00:00:00'),(1578,4,3151,2,'2023-06-17 00:00:00'),(1579,4,1162,4,'2023-06-16 00:00:00'),(1580,4,2729,1,'2023-06-15 00:00:00'),(1581,4,601,4,'2023-06-14 00:00:00'),(1582,4,398,2,'2023-06-13 00:00:00'),(1583,4,774,4,'2023-06-12 00:00:00'),(1584,4,646,3,'2023-06-11 00:00:00'),(1585,4,2303,4,'2023-06-10 00:00:00'),(1586,4,820,3,'2023-06-09 00:00:00'),(1587,4,3304,2,'2023-06-08 00:00:00'),(1588,4,536,4,'2023-06-07 00:00:00'),(1589,4,522,3,'2023-06-06 00:00:00'),(1590,4,2746,1,'2023-06-05 00:00:00'),(1591,4,1484,1,'2023-06-04 00:00:00'),(1592,4,2369,3,'2023-06-03 00:00:00'),(1593,4,2076,3,'2023-06-02 00:00:00'),(1594,4,3790,4,'2023-06-01 00:00:00'),(1595,4,1035,3,'2023-05-31 00:00:00'),(1596,4,1049,2,'2023-05-30 00:00:00'),(1597,4,1152,1,'2023-05-29 00:00:00'),(1598,4,205,4,'2023-05-28 00:00:00'),(1599,4,3014,2,'2023-05-27 00:00:00'),(1600,4,1858,1,'2023-05-26 00:00:00'),(1601,4,2209,3,'2023-05-25 00:00:00'),(1602,4,1432,1,'2023-05-24 00:00:00'),(1603,4,2337,2,'2023-05-23 00:00:00'),(1604,4,1661,4,'2023-05-22 00:00:00'),(1605,4,4344,1,'2023-05-21 00:00:00'),(1606,4,3760,4,'2023-05-20 00:00:00'),(1607,4,3587,4,'2023-05-19 00:00:00'),(1608,4,3844,4,'2023-05-18 00:00:00'),(1609,4,3052,3,'2023-05-17 00:00:00'),(1610,4,3307,4,'2023-05-16 00:00:00'),(1611,4,1057,4,'2023-05-15 00:00:00'),(1612,4,1921,3,'2023-05-14 00:00:00'),(1613,4,1065,2,'2023-05-13 00:00:00'),(1614,4,3565,1,'2023-05-12 00:00:00'),(1615,4,3712,2,'2023-05-11 00:00:00'),(1616,4,1008,1,'2023-05-10 00:00:00'),(1617,4,1157,2,'2023-05-09 00:00:00'),(1618,4,1916,2,'2023-05-08 00:00:00'),(1619,4,4031,1,'2023-05-07 00:00:00'),(1620,4,483,3,'2023-05-06 00:00:00'),(1621,4,2458,2,'2023-05-05 00:00:00'),(1622,4,1194,4,'2023-05-04 00:00:00'),(1623,4,1715,3,'2023-05-03 00:00:00'),(1624,4,599,1,'2023-05-02 00:00:00'),(1625,4,1605,4,'2023-05-01 00:00:00'),(1626,4,1183,4,'2023-04-30 00:00:00'),(1627,4,3624,2,'2023-04-29 00:00:00'),(1628,4,399,2,'2023-04-28 00:00:00'),(1629,4,1191,3,'2023-04-27 00:00:00'),(1630,4,4005,1,'2023-04-26 00:00:00'),(1631,4,1005,3,'2023-04-25 00:00:00'),(1632,4,1413,1,'2023-04-24 00:00:00'),(1633,4,1812,1,'2023-04-23 00:00:00'),(1634,4,4544,3,'2023-04-22 00:00:00'),(1635,4,3000,3,'2023-04-21 00:00:00'),(1636,4,1082,3,'2023-04-20 00:00:00'),(1637,4,2528,2,'2023-04-19 00:00:00'),(1638,4,2967,1,'2023-04-18 00:00:00'),(1639,4,1603,1,'2023-04-17 00:00:00'),(1640,4,4222,2,'2023-04-16 00:00:00'),(1641,4,482,1,'2023-04-15 00:00:00'),(1642,4,2540,2,'2023-04-14 00:00:00'),(1643,4,1872,4,'2023-04-13 00:00:00'),(1644,4,2514,2,'2023-04-12 00:00:00'),(1645,4,164,4,'2023-04-11 00:00:00'),(1646,4,1462,4,'2023-04-10 00:00:00'),(1647,4,3197,3,'2023-04-09 00:00:00'),(1648,4,1093,3,'2023-04-08 00:00:00'),(1649,4,3549,4,'2023-04-07 00:00:00'),(1650,5,1036,4,'2024-04-05 00:00:00'),(1651,5,3756,2,'2024-04-04 00:00:00'),(1652,5,3020,3,'2024-04-03 00:00:00'),(1653,5,767,1,'2024-04-02 00:00:00'),(1654,5,636,2,'2024-04-01 00:00:00'),(1655,5,2739,4,'2024-03-31 00:00:00'),(1656,5,2364,4,'2024-03-30 00:00:00'),(1657,5,781,4,'2024-03-29 00:00:00'),(1658,5,987,4,'2024-03-28 00:00:00'),(1659,5,1248,4,'2024-03-27 00:00:00'),(1660,5,3636,2,'2024-03-26 00:00:00'),(1661,5,768,1,'2024-03-25 00:00:00'),(1662,5,1494,3,'2024-03-24 00:00:00'),(1663,5,1011,4,'2024-03-23 00:00:00'),(1664,5,3298,3,'2024-03-22 00:00:00'),(1665,5,4217,4,'2024-03-21 00:00:00'),(1666,5,1057,4,'2024-03-20 00:00:00'),(1667,5,1944,3,'2024-03-19 00:00:00'),(1668,5,1242,3,'2024-03-18 00:00:00'),(1669,5,1051,4,'2024-03-17 00:00:00'),(1670,5,3273,4,'2024-03-16 00:00:00'),(1671,5,1488,4,'2024-03-15 00:00:00'),(1672,5,3275,2,'2024-03-14 00:00:00'),(1673,5,3229,2,'2024-03-13 00:00:00'),(1674,5,3967,1,'2024-03-12 00:00:00'),(1675,5,1995,4,'2024-03-11 00:00:00'),(1676,5,2276,1,'2024-03-10 00:00:00'),(1677,5,692,4,'2024-03-09 00:00:00'),(1678,5,3875,2,'2024-03-08 00:00:00'),(1679,5,149,4,'2024-03-07 00:00:00'),(1680,5,419,4,'2024-03-06 00:00:00'),(1681,5,2139,3,'2024-03-05 00:00:00'),(1682,5,4270,2,'2024-03-04 00:00:00'),(1683,5,3486,2,'2024-03-03 00:00:00'),(1684,5,1435,3,'2024-03-02 00:00:00'),(1685,5,4522,1,'2024-03-01 00:00:00'),(1686,5,3008,4,'2024-02-29 00:00:00'),(1687,5,2537,4,'2024-02-28 00:00:00'),(1688,5,2175,1,'2024-02-27 00:00:00'),(1689,5,2723,1,'2024-02-26 00:00:00'),(1690,5,4319,1,'2024-02-25 00:00:00'),(1691,5,2272,4,'2024-02-24 00:00:00'),(1692,5,1227,1,'2024-02-23 00:00:00'),(1693,5,4554,4,'2024-02-22 00:00:00'),(1694,5,1079,3,'2024-02-21 00:00:00'),(1695,5,2388,4,'2024-02-20 00:00:00'),(1696,5,1968,2,'2024-02-19 00:00:00'),(1697,5,2151,1,'2024-02-18 00:00:00'),(1698,5,3158,2,'2024-02-17 00:00:00'),(1699,5,2589,4,'2024-02-16 00:00:00'),(1700,5,268,4,'2024-02-15 00:00:00'),(1701,5,2438,1,'2024-02-14 00:00:00'),(1702,5,2135,2,'2024-02-13 00:00:00'),(1703,5,999,4,'2024-02-12 00:00:00'),(1704,5,959,2,'2024-02-11 00:00:00'),(1705,5,3022,1,'2024-02-10 00:00:00'),(1706,5,2789,4,'2024-02-09 00:00:00'),(1707,5,264,4,'2024-02-08 00:00:00'),(1708,5,2530,2,'2024-02-07 00:00:00'),(1709,5,2346,1,'2024-02-06 00:00:00'),(1710,5,2574,3,'2024-02-05 00:00:00'),(1711,5,4277,4,'2024-02-04 00:00:00'),(1712,5,391,2,'2024-02-03 00:00:00'),(1713,5,828,1,'2024-02-02 00:00:00'),(1714,5,3090,1,'2024-02-01 00:00:00'),(1715,5,4559,4,'2024-01-31 00:00:00'),(1716,5,2245,1,'2024-01-30 00:00:00'),(1717,5,218,4,'2024-01-29 00:00:00'),(1718,5,1134,1,'2024-01-28 00:00:00'),(1719,5,3669,2,'2024-01-27 00:00:00'),(1720,5,1952,1,'2024-01-26 00:00:00'),(1721,5,1075,2,'2024-01-25 00:00:00'),(1722,5,3413,3,'2024-01-24 00:00:00'),(1723,5,1484,3,'2024-01-23 00:00:00'),(1724,5,3728,3,'2024-01-22 00:00:00'),(1725,5,4372,3,'2024-01-21 00:00:00'),(1726,5,242,3,'2024-01-20 00:00:00'),(1727,5,2916,2,'2024-01-19 00:00:00'),(1728,5,1241,2,'2024-01-18 00:00:00'),(1729,5,3335,1,'2024-01-17 00:00:00'),(1730,5,3791,3,'2024-01-16 00:00:00'),(1731,5,4261,2,'2024-01-15 00:00:00'),(1732,5,798,2,'2024-01-14 00:00:00'),(1733,5,1866,4,'2024-01-13 00:00:00'),(1734,5,472,1,'2024-01-12 00:00:00'),(1735,5,3700,3,'2024-01-11 00:00:00'),(1736,5,635,1,'2024-01-10 00:00:00'),(1737,5,2743,2,'2024-01-09 00:00:00'),(1738,5,709,1,'2024-01-08 00:00:00'),(1739,5,3476,2,'2024-01-07 00:00:00'),(1740,5,4030,2,'2024-01-06 00:00:00'),(1741,5,3038,3,'2024-01-05 00:00:00'),(1742,5,1341,1,'2024-01-04 00:00:00'),(1743,5,3703,1,'2024-01-03 00:00:00'),(1744,5,4414,3,'2024-01-02 00:00:00'),(1745,5,3454,3,'2024-01-01 00:00:00'),(1746,5,1733,1,'2023-12-31 00:00:00'),(1747,5,2403,4,'2023-12-30 00:00:00'),(1748,5,3187,4,'2023-12-29 00:00:00'),(1749,5,3872,4,'2023-12-28 00:00:00'),(1750,5,525,3,'2023-12-27 00:00:00'),(1751,5,993,3,'2023-12-26 00:00:00'),(1752,5,3362,1,'2023-12-25 00:00:00'),(1753,5,1440,4,'2023-12-24 00:00:00'),(1754,5,540,2,'2023-12-23 00:00:00'),(1755,5,806,1,'2023-12-22 00:00:00'),(1756,5,1860,1,'2023-12-21 00:00:00'),(1757,5,2570,3,'2023-12-20 00:00:00'),(1758,5,2983,1,'2023-12-19 00:00:00'),(1759,5,2152,2,'2023-12-18 00:00:00'),(1760,5,3018,1,'2023-12-17 00:00:00'),(1761,5,2034,2,'2023-12-16 00:00:00'),(1762,5,1672,4,'2023-12-15 00:00:00'),(1763,5,3717,1,'2023-12-14 00:00:00'),(1764,5,3162,1,'2023-12-13 00:00:00'),(1765,5,541,2,'2023-12-12 00:00:00'),(1766,5,2070,3,'2023-12-11 00:00:00'),(1767,5,3004,1,'2023-12-10 00:00:00'),(1768,5,2606,3,'2023-12-09 00:00:00'),(1769,5,4106,1,'2023-12-08 00:00:00'),(1770,5,3465,3,'2023-12-07 00:00:00'),(1771,5,3669,4,'2023-12-06 00:00:00'),(1772,5,4081,2,'2023-12-05 00:00:00'),(1773,5,892,1,'2023-12-04 00:00:00'),(1774,5,1997,1,'2023-12-03 00:00:00'),(1775,5,4245,1,'2023-12-02 00:00:00'),(1776,5,2717,2,'2023-12-01 00:00:00'),(1777,5,2096,2,'2023-11-30 00:00:00'),(1778,5,1335,4,'2023-11-29 00:00:00'),(1779,5,3685,3,'2023-11-28 00:00:00'),(1780,5,3784,2,'2023-11-27 00:00:00'),(1781,5,685,3,'2023-11-26 00:00:00'),(1782,5,4047,1,'2023-11-25 00:00:00'),(1783,5,1257,1,'2023-11-24 00:00:00'),(1784,5,4087,2,'2023-11-23 00:00:00'),(1785,5,1784,1,'2023-11-22 00:00:00'),(1786,5,2896,1,'2023-11-21 00:00:00'),(1787,5,4523,3,'2023-11-20 00:00:00'),(1788,5,1952,1,'2023-11-19 00:00:00'),(1789,5,1133,2,'2023-11-18 00:00:00'),(1790,5,3657,1,'2023-11-17 00:00:00'),(1791,5,1109,1,'2023-11-16 00:00:00'),(1792,5,1592,4,'2023-11-15 00:00:00'),(1793,5,434,3,'2023-11-14 00:00:00'),(1794,5,2477,1,'2023-11-13 00:00:00'),(1795,5,3003,4,'2023-11-12 00:00:00'),(1796,5,4475,1,'2023-11-11 00:00:00'),(1797,5,3333,1,'2023-11-10 00:00:00'),(1798,5,4532,4,'2023-11-09 00:00:00'),(1799,5,466,4,'2023-11-08 00:00:00'),(1800,5,1498,2,'2023-11-07 00:00:00'),(1801,5,2083,4,'2023-11-06 00:00:00'),(1802,5,908,2,'2023-11-05 00:00:00'),(1803,5,713,1,'2023-11-04 00:00:00'),(1804,5,2135,2,'2023-11-03 00:00:00'),(1805,5,3306,1,'2023-11-02 00:00:00'),(1806,5,1254,3,'2023-11-01 00:00:00'),(1807,5,3529,2,'2023-10-31 00:00:00'),(1808,5,889,2,'2023-10-30 00:00:00'),(1809,5,3310,3,'2023-10-29 00:00:00'),(1810,5,4441,3,'2023-10-28 00:00:00'),(1811,5,2245,3,'2023-10-27 00:00:00'),(1812,5,3332,4,'2023-10-26 00:00:00'),(1813,5,2233,3,'2023-10-25 00:00:00'),(1814,5,1876,4,'2023-10-24 00:00:00'),(1815,5,3706,4,'2023-10-23 00:00:00'),(1816,5,2553,1,'2023-10-22 00:00:00'),(1817,5,1891,1,'2023-10-21 00:00:00'),(1818,5,2752,1,'2023-10-20 00:00:00'),(1819,5,3151,4,'2023-10-19 00:00:00'),(1820,5,136,2,'2023-10-18 00:00:00'),(1821,5,3784,4,'2023-10-17 00:00:00'),(1822,5,2866,3,'2023-10-16 00:00:00'),(1823,5,2648,4,'2023-10-15 00:00:00'),(1824,5,3028,1,'2023-10-14 00:00:00'),(1825,5,1344,3,'2023-10-13 00:00:00'),(1826,5,1702,1,'2023-10-12 00:00:00'),(1827,5,2438,1,'2023-10-11 00:00:00'),(1828,5,3185,1,'2023-10-10 00:00:00'),(1829,5,1168,2,'2023-10-09 00:00:00'),(1830,5,1176,4,'2023-10-08 00:00:00'),(1831,5,4395,3,'2023-10-07 00:00:00'),(1832,5,4112,1,'2023-10-06 00:00:00'),(1833,5,257,4,'2023-10-05 00:00:00'),(1834,5,1257,2,'2023-10-04 00:00:00'),(1835,5,3819,4,'2023-10-03 00:00:00'),(1836,5,1627,2,'2023-10-02 00:00:00'),(1837,5,1528,1,'2023-10-01 00:00:00'),(1838,5,1617,2,'2023-09-30 00:00:00'),(1839,5,124,4,'2023-09-29 00:00:00'),(1840,5,456,4,'2023-09-28 00:00:00'),(1841,5,1176,4,'2023-09-27 00:00:00'),(1842,5,2278,4,'2023-09-26 00:00:00'),(1843,5,2007,3,'2023-09-25 00:00:00'),(1844,5,256,4,'2023-09-24 00:00:00'),(1845,5,1561,2,'2023-09-23 00:00:00'),(1846,5,4301,1,'2023-09-22 00:00:00'),(1847,5,3862,3,'2023-09-21 00:00:00'),(1848,5,619,2,'2023-09-20 00:00:00'),(1849,5,4147,3,'2023-09-19 00:00:00'),(1850,5,732,2,'2023-09-18 00:00:00'),(1851,5,1127,3,'2023-09-17 00:00:00'),(1852,5,1786,2,'2023-09-16 00:00:00'),(1853,5,503,1,'2023-09-15 00:00:00'),(1854,5,3136,4,'2023-09-14 00:00:00'),(1855,5,289,2,'2023-09-13 00:00:00'),(1856,5,4431,1,'2023-09-12 00:00:00'),(1857,5,1435,1,'2023-09-11 00:00:00'),(1858,5,588,3,'2023-09-10 00:00:00'),(1859,5,4417,2,'2023-09-09 00:00:00'),(1860,5,337,3,'2023-09-08 00:00:00'),(1861,5,1153,1,'2023-09-07 00:00:00'),(1862,5,3326,1,'2023-09-06 00:00:00'),(1863,5,713,1,'2023-09-05 00:00:00'),(1864,5,1595,3,'2023-09-04 00:00:00'),(1865,5,3199,3,'2023-09-03 00:00:00'),(1866,5,3461,4,'2023-09-02 00:00:00'),(1867,5,1429,4,'2023-09-01 00:00:00'),(1868,5,4212,3,'2023-08-31 00:00:00'),(1869,5,2796,1,'2023-08-30 00:00:00'),(1870,5,2199,4,'2023-08-29 00:00:00'),(1871,5,244,4,'2023-08-28 00:00:00'),(1872,5,3762,3,'2023-08-27 00:00:00'),(1873,5,2298,1,'2023-08-26 00:00:00'),(1874,5,1032,1,'2023-08-25 00:00:00'),(1875,5,2730,3,'2023-08-24 00:00:00'),(1876,5,976,2,'2023-08-23 00:00:00'),(1877,5,2996,4,'2023-08-22 00:00:00'),(1878,5,792,2,'2023-08-21 00:00:00'),(1879,5,2513,4,'2023-08-20 00:00:00'),(1880,5,1042,1,'2023-08-19 00:00:00'),(1881,5,2151,3,'2023-08-18 00:00:00'),(1882,5,4227,3,'2023-08-17 00:00:00'),(1883,5,3081,4,'2023-08-16 00:00:00'),(1884,5,571,2,'2023-08-15 00:00:00'),(1885,5,209,4,'2023-08-14 00:00:00'),(1886,5,2560,2,'2023-08-13 00:00:00'),(1887,5,4051,3,'2023-08-12 00:00:00'),(1888,5,2145,3,'2023-08-11 00:00:00'),(1889,5,4467,1,'2023-08-10 00:00:00'),(1890,5,2958,2,'2023-08-09 00:00:00'),(1891,5,848,1,'2023-08-08 00:00:00'),(1892,5,4422,1,'2023-08-07 00:00:00'),(1893,5,1292,1,'2023-08-06 00:00:00'),(1894,5,1750,3,'2023-08-05 00:00:00'),(1895,5,390,2,'2023-08-04 00:00:00'),(1896,5,718,3,'2023-08-03 00:00:00'),(1897,5,3377,4,'2023-08-02 00:00:00'),(1898,5,2759,3,'2023-08-01 00:00:00'),(1899,5,315,1,'2023-07-31 00:00:00'),(1900,5,464,2,'2023-07-30 00:00:00'),(1901,5,3959,3,'2023-07-29 00:00:00'),(1902,5,970,3,'2023-07-28 00:00:00'),(1903,5,1734,1,'2023-07-27 00:00:00'),(1904,5,2062,4,'2023-07-26 00:00:00'),(1905,5,547,1,'2023-07-25 00:00:00'),(1906,5,1974,1,'2023-07-24 00:00:00'),(1907,5,1770,3,'2023-07-23 00:00:00'),(1908,5,3247,2,'2023-07-22 00:00:00'),(1909,5,713,1,'2023-07-21 00:00:00'),(1910,5,3881,2,'2023-07-20 00:00:00'),(1911,5,198,1,'2023-07-19 00:00:00'),(1912,5,2509,4,'2023-07-18 00:00:00'),(1913,5,2048,4,'2023-07-17 00:00:00'),(1914,5,4333,1,'2023-07-16 00:00:00'),(1915,5,1231,1,'2023-07-15 00:00:00'),(1916,5,1933,2,'2023-07-14 00:00:00'),(1917,5,2615,1,'2023-07-13 00:00:00'),(1918,5,4356,1,'2023-07-12 00:00:00'),(1919,5,997,3,'2023-07-11 00:00:00'),(1920,5,3617,2,'2023-07-10 00:00:00'),(1921,5,2901,2,'2023-07-09 00:00:00'),(1922,5,1126,2,'2023-07-08 00:00:00'),(1923,5,1935,2,'2023-07-07 00:00:00'),(1924,5,2779,2,'2023-07-06 00:00:00'),(1925,5,183,2,'2023-07-05 00:00:00'),(1926,5,1086,2,'2023-07-04 00:00:00'),(1927,5,2911,4,'2023-07-03 00:00:00'),(1928,5,1136,1,'2023-07-02 00:00:00'),(1929,5,4204,1,'2023-07-01 00:00:00'),(1930,5,4369,1,'2023-06-30 00:00:00'),(1931,5,3950,2,'2023-06-29 00:00:00'),(1932,5,2401,4,'2023-06-28 00:00:00'),(1933,5,3996,4,'2023-06-27 00:00:00'),(1934,5,4502,3,'2023-06-26 00:00:00'),(1935,5,2939,4,'2023-06-25 00:00:00'),(1936,5,2114,3,'2023-06-24 00:00:00'),(1937,5,4382,1,'2023-06-23 00:00:00'),(1938,5,2337,4,'2023-06-22 00:00:00'),(1939,5,2251,4,'2023-06-21 00:00:00'),(1940,5,3515,4,'2023-06-20 00:00:00'),(1941,5,3816,4,'2023-06-19 00:00:00'),(1942,5,2997,2,'2023-06-18 00:00:00'),(1943,5,1673,2,'2023-06-17 00:00:00'),(1944,5,1862,4,'2023-06-16 00:00:00'),(1945,5,2191,3,'2023-06-15 00:00:00'),(1946,5,1470,3,'2023-06-14 00:00:00'),(1947,5,2014,4,'2023-06-13 00:00:00'),(1948,5,2969,1,'2023-06-12 00:00:00'),(1949,5,3237,2,'2023-06-11 00:00:00'),(1950,5,3626,3,'2023-06-10 00:00:00'),(1951,5,1031,2,'2023-06-09 00:00:00'),(1952,5,2755,2,'2023-06-08 00:00:00'),(1953,5,3902,4,'2023-06-07 00:00:00'),(1954,5,1199,1,'2023-06-06 00:00:00'),(1955,5,2737,1,'2023-06-05 00:00:00'),(1956,5,1580,2,'2023-06-04 00:00:00'),(1957,5,1017,2,'2023-06-03 00:00:00'),(1958,5,3424,1,'2023-06-02 00:00:00'),(1959,5,4159,2,'2023-06-01 00:00:00'),(1960,5,1370,3,'2023-05-31 00:00:00'),(1961,5,2314,4,'2023-05-30 00:00:00'),(1962,5,1947,1,'2023-05-29 00:00:00'),(1963,5,3614,1,'2023-05-28 00:00:00'),(1964,5,2239,4,'2023-05-27 00:00:00'),(1965,5,399,2,'2023-05-26 00:00:00'),(1966,5,2467,4,'2023-05-25 00:00:00'),(1967,5,4284,2,'2023-05-24 00:00:00'),(1968,5,2906,4,'2023-05-23 00:00:00'),(1969,5,4063,4,'2023-05-22 00:00:00'),(1970,5,3299,2,'2023-05-21 00:00:00'),(1971,5,4460,1,'2023-05-20 00:00:00'),(1972,5,2400,2,'2023-05-19 00:00:00'),(1973,5,2689,1,'2023-05-18 00:00:00'),(1974,5,4470,3,'2023-05-17 00:00:00'),(1975,5,370,2,'2023-05-16 00:00:00'),(1976,5,3865,4,'2023-05-15 00:00:00'),(1977,5,1746,3,'2023-05-14 00:00:00'),(1978,5,2398,3,'2023-05-13 00:00:00'),(1979,5,3635,2,'2023-05-12 00:00:00'),(1980,5,3638,2,'2023-05-11 00:00:00'),(1981,5,4496,3,'2023-05-10 00:00:00'),(1982,5,2338,3,'2023-05-09 00:00:00'),(1983,5,1171,1,'2023-05-08 00:00:00'),(1984,5,2395,1,'2023-05-07 00:00:00'),(1985,5,3911,4,'2023-05-06 00:00:00'),(1986,5,1858,4,'2023-05-05 00:00:00'),(1987,5,2425,1,'2023-05-04 00:00:00'),(1988,5,892,1,'2023-05-03 00:00:00'),(1989,5,4038,1,'2023-05-02 00:00:00'),(1990,5,2834,3,'2023-05-01 00:00:00'),(1991,5,1666,1,'2023-04-30 00:00:00'),(1992,5,380,2,'2023-04-29 00:00:00'),(1993,5,1152,1,'2023-04-28 00:00:00'),(1994,5,1671,3,'2023-04-27 00:00:00'),(1995,5,2313,1,'2023-04-26 00:00:00'),(1996,5,1028,1,'2023-04-25 00:00:00'),(1997,5,2720,2,'2023-04-24 00:00:00'),(1998,5,1862,2,'2023-04-23 00:00:00'),(1999,5,2208,4,'2023-04-22 00:00:00'),(2000,5,2769,1,'2023-04-21 00:00:00'),(2001,5,3141,1,'2023-04-20 00:00:00'),(2002,5,1185,1,'2023-04-19 00:00:00'),(2003,5,1739,2,'2023-04-18 00:00:00'),(2004,5,3759,3,'2023-04-17 00:00:00'),(2005,5,4537,2,'2023-04-16 00:00:00'),(2006,5,4371,4,'2023-04-15 00:00:00'),(2007,5,4207,4,'2023-04-14 00:00:00'),(2008,5,1241,4,'2023-04-13 00:00:00'),(2009,5,2783,2,'2023-04-12 00:00:00'),(2010,5,4167,3,'2023-04-11 00:00:00'),(2011,5,4150,3,'2023-04-10 00:00:00'),(2012,5,1619,1,'2023-04-09 00:00:00'),(2013,5,3895,3,'2023-04-08 00:00:00'),(2014,5,3800,4,'2023-04-07 00:00:00'),(2015,6,3052,1,'2024-04-05 00:00:00'),(2016,6,2435,3,'2024-04-04 00:00:00'),(2017,6,2357,3,'2024-04-03 00:00:00'),(2018,6,2790,3,'2024-04-02 00:00:00'),(2019,6,2644,2,'2024-04-01 00:00:00'),(2020,6,3264,1,'2024-03-31 00:00:00'),(2021,6,2642,4,'2024-03-30 00:00:00'),(2022,6,194,3,'2024-03-29 00:00:00'),(2023,6,1882,2,'2024-03-28 00:00:00'),(2024,6,4292,2,'2024-03-27 00:00:00'),(2025,6,1119,4,'2024-03-26 00:00:00'),(2026,6,1521,2,'2024-03-25 00:00:00'),(2027,6,1133,3,'2024-03-24 00:00:00'),(2028,6,4189,3,'2024-03-23 00:00:00'),(2029,6,925,2,'2024-03-22 00:00:00'),(2030,6,4510,3,'2024-03-21 00:00:00'),(2031,6,1624,2,'2024-03-20 00:00:00'),(2032,6,3343,2,'2024-03-19 00:00:00'),(2033,6,2666,1,'2024-03-18 00:00:00'),(2034,6,2231,4,'2024-03-17 00:00:00'),(2035,6,3674,4,'2024-03-16 00:00:00'),(2036,6,3558,3,'2024-03-15 00:00:00'),(2037,6,1098,3,'2024-03-14 00:00:00'),(2038,6,3341,3,'2024-03-13 00:00:00'),(2039,6,4008,3,'2024-03-12 00:00:00'),(2040,6,2931,3,'2024-03-11 00:00:00'),(2041,6,3564,2,'2024-03-10 00:00:00'),(2042,6,1404,2,'2024-03-09 00:00:00'),(2043,6,1542,3,'2024-03-08 00:00:00'),(2044,6,1762,3,'2024-03-07 00:00:00'),(2045,6,4469,3,'2024-03-06 00:00:00'),(2046,6,1991,1,'2024-03-05 00:00:00'),(2047,6,2570,4,'2024-03-04 00:00:00'),(2048,6,1854,2,'2024-03-03 00:00:00'),(2049,6,2448,4,'2024-03-02 00:00:00'),(2050,6,3828,2,'2024-03-01 00:00:00'),(2051,6,3484,1,'2024-02-29 00:00:00'),(2052,6,4463,4,'2024-02-28 00:00:00'),(2053,6,2340,4,'2024-02-27 00:00:00'),(2054,6,340,1,'2024-02-26 00:00:00'),(2055,6,2792,2,'2024-02-25 00:00:00'),(2056,6,1064,3,'2024-02-24 00:00:00'),(2057,6,1934,2,'2024-02-23 00:00:00'),(2058,6,231,2,'2024-02-22 00:00:00'),(2059,6,1100,4,'2024-02-21 00:00:00'),(2060,6,809,4,'2024-02-20 00:00:00'),(2061,6,3098,3,'2024-02-19 00:00:00'),(2062,6,4183,3,'2024-02-18 00:00:00'),(2063,6,3116,1,'2024-02-17 00:00:00'),(2064,6,2182,4,'2024-02-16 00:00:00'),(2065,6,3620,4,'2024-02-15 00:00:00'),(2066,6,1732,2,'2024-02-14 00:00:00'),(2067,6,1538,1,'2024-02-13 00:00:00'),(2068,6,3939,1,'2024-02-12 00:00:00'),(2069,6,753,2,'2024-02-11 00:00:00'),(2070,6,1168,4,'2024-02-10 00:00:00'),(2071,6,3796,1,'2024-02-09 00:00:00'),(2072,6,2793,2,'2024-02-08 00:00:00'),(2073,6,522,3,'2024-02-07 00:00:00'),(2074,6,2673,4,'2024-02-06 00:00:00'),(2075,6,2847,3,'2024-02-05 00:00:00'),(2076,6,913,2,'2024-02-04 00:00:00'),(2077,6,4119,3,'2024-02-03 00:00:00'),(2078,6,439,2,'2024-02-02 00:00:00'),(2079,6,2391,4,'2024-02-01 00:00:00'),(2080,6,359,2,'2024-01-31 00:00:00'),(2081,6,1756,2,'2024-01-30 00:00:00'),(2082,6,4015,1,'2024-01-29 00:00:00'),(2083,6,2277,3,'2024-01-28 00:00:00'),(2084,6,2128,4,'2024-01-27 00:00:00'),(2085,6,3540,1,'2024-01-26 00:00:00'),(2086,6,611,4,'2024-01-25 00:00:00'),(2087,6,2967,3,'2024-01-24 00:00:00'),(2088,6,2208,3,'2024-01-23 00:00:00'),(2089,6,804,2,'2024-01-22 00:00:00'),(2090,6,2179,4,'2024-01-21 00:00:00'),(2091,6,2749,3,'2024-01-20 00:00:00'),(2092,6,2604,3,'2024-01-19 00:00:00'),(2093,6,1564,2,'2024-01-18 00:00:00'),(2094,6,724,4,'2024-01-17 00:00:00'),(2095,6,2418,1,'2024-01-16 00:00:00'),(2096,6,404,2,'2024-01-15 00:00:00'),(2097,6,3170,4,'2024-01-14 00:00:00'),(2098,6,3446,3,'2024-01-13 00:00:00'),(2099,6,1576,3,'2024-01-12 00:00:00'),(2100,6,390,2,'2024-01-11 00:00:00'),(2101,6,2677,4,'2024-01-10 00:00:00'),(2102,6,2575,3,'2024-01-09 00:00:00'),(2103,6,2270,2,'2024-01-08 00:00:00'),(2104,6,1428,3,'2024-01-07 00:00:00'),(2105,6,429,3,'2024-01-06 00:00:00'),(2106,6,2920,2,'2024-01-05 00:00:00'),(2107,6,809,3,'2024-01-04 00:00:00'),(2108,6,4039,2,'2024-01-03 00:00:00'),(2109,6,4060,1,'2024-01-02 00:00:00'),(2110,6,2447,4,'2024-01-01 00:00:00'),(2111,6,1870,4,'2023-12-31 00:00:00'),(2112,6,1526,1,'2023-12-30 00:00:00'),(2113,6,4355,1,'2023-12-29 00:00:00'),(2114,6,4164,2,'2023-12-28 00:00:00'),(2115,6,1715,4,'2023-12-27 00:00:00'),(2116,6,3897,3,'2023-12-26 00:00:00'),(2117,6,775,4,'2023-12-25 00:00:00'),(2118,6,142,1,'2023-12-24 00:00:00'),(2119,6,2297,4,'2023-12-23 00:00:00'),(2120,6,251,2,'2023-12-22 00:00:00'),(2121,6,733,1,'2023-12-21 00:00:00'),(2122,6,559,2,'2023-12-20 00:00:00'),(2123,6,2631,2,'2023-12-19 00:00:00'),(2124,6,1866,3,'2023-12-18 00:00:00'),(2125,6,1506,2,'2023-12-17 00:00:00'),(2126,6,860,1,'2023-12-16 00:00:00'),(2127,6,1715,2,'2023-12-15 00:00:00'),(2128,6,3915,3,'2023-12-14 00:00:00'),(2129,6,1116,3,'2023-12-13 00:00:00'),(2130,6,4365,3,'2023-12-12 00:00:00'),(2131,6,2951,2,'2023-12-11 00:00:00'),(2132,6,2199,1,'2023-12-10 00:00:00'),(2133,6,2892,4,'2023-12-09 00:00:00'),(2134,6,917,3,'2023-12-08 00:00:00'),(2135,6,2350,2,'2023-12-07 00:00:00'),(2136,6,1520,2,'2023-12-06 00:00:00'),(2137,6,3941,1,'2023-12-05 00:00:00'),(2138,6,3681,1,'2023-12-04 00:00:00'),(2139,6,266,2,'2023-12-03 00:00:00'),(2140,6,2126,3,'2023-12-02 00:00:00'),(2141,6,347,2,'2023-12-01 00:00:00'),(2142,6,3846,3,'2023-11-30 00:00:00'),(2143,6,2349,4,'2023-11-29 00:00:00'),(2144,6,3689,4,'2023-11-28 00:00:00'),(2145,6,663,3,'2023-11-27 00:00:00'),(2146,6,3098,1,'2023-11-26 00:00:00'),(2147,6,2990,1,'2023-11-25 00:00:00'),(2148,6,1627,3,'2023-11-24 00:00:00'),(2149,6,989,2,'2023-11-23 00:00:00'),(2150,6,4293,4,'2023-11-22 00:00:00'),(2151,6,177,4,'2023-11-21 00:00:00'),(2152,6,1862,4,'2023-11-20 00:00:00'),(2153,6,159,4,'2023-11-19 00:00:00'),(2154,6,3591,1,'2023-11-18 00:00:00'),(2155,6,446,2,'2023-11-17 00:00:00'),(2156,6,815,3,'2023-11-16 00:00:00'),(2157,6,2967,1,'2023-11-15 00:00:00'),(2158,6,1514,1,'2023-11-14 00:00:00'),(2159,6,3451,4,'2023-11-13 00:00:00'),(2160,6,1137,2,'2023-11-12 00:00:00'),(2161,6,1484,2,'2023-11-11 00:00:00'),(2162,6,743,4,'2023-11-10 00:00:00'),(2163,6,2324,4,'2023-11-09 00:00:00'),(2164,6,3205,2,'2023-11-08 00:00:00'),(2165,6,3199,3,'2023-11-07 00:00:00'),(2166,6,3861,4,'2023-11-06 00:00:00'),(2167,6,1951,2,'2023-11-05 00:00:00'),(2168,6,1424,3,'2023-11-04 00:00:00'),(2169,6,1408,4,'2023-11-03 00:00:00'),(2170,6,4542,3,'2023-11-02 00:00:00'),(2171,6,1706,4,'2023-11-01 00:00:00'),(2172,6,572,1,'2023-10-31 00:00:00'),(2173,6,2612,1,'2023-10-30 00:00:00'),(2174,6,2260,4,'2023-10-29 00:00:00'),(2175,6,1147,4,'2023-10-28 00:00:00'),(2176,6,802,3,'2023-10-27 00:00:00'),(2177,6,4332,2,'2023-10-26 00:00:00'),(2178,6,124,1,'2023-10-25 00:00:00'),(2179,6,309,1,'2023-10-24 00:00:00'),(2180,6,1281,1,'2023-10-23 00:00:00'),(2181,6,2090,3,'2023-10-22 00:00:00'),(2182,6,3038,1,'2023-10-21 00:00:00'),(2183,6,3093,1,'2023-10-20 00:00:00'),(2184,6,3531,1,'2023-10-19 00:00:00'),(2185,6,1623,4,'2023-10-18 00:00:00'),(2186,6,3020,3,'2023-10-17 00:00:00'),(2187,6,3897,3,'2023-10-16 00:00:00'),(2188,6,2174,4,'2023-10-15 00:00:00'),(2189,6,2874,1,'2023-10-14 00:00:00'),(2190,6,3800,4,'2023-10-13 00:00:00'),(2191,6,2849,1,'2023-10-12 00:00:00'),(2192,6,3108,3,'2023-10-11 00:00:00'),(2193,6,3668,1,'2023-10-10 00:00:00'),(2194,6,1244,1,'2023-10-09 00:00:00'),(2195,6,644,2,'2023-10-08 00:00:00'),(2196,6,2189,1,'2023-10-07 00:00:00'),(2197,6,3404,3,'2023-10-06 00:00:00'),(2198,6,2712,4,'2023-10-05 00:00:00'),(2199,6,2926,2,'2023-10-04 00:00:00'),(2200,6,434,4,'2023-10-03 00:00:00'),(2201,6,2738,2,'2023-10-02 00:00:00'),(2202,6,2144,3,'2023-10-01 00:00:00'),(2203,6,2488,1,'2023-09-30 00:00:00'),(2204,6,2873,2,'2023-09-29 00:00:00'),(2205,6,4398,1,'2023-09-28 00:00:00'),(2206,6,1422,4,'2023-09-27 00:00:00'),(2207,6,1957,2,'2023-09-26 00:00:00'),(2208,6,3527,2,'2023-09-25 00:00:00'),(2209,6,521,1,'2023-09-24 00:00:00'),(2210,6,917,4,'2023-09-23 00:00:00'),(2211,6,626,4,'2023-09-22 00:00:00'),(2212,6,3733,4,'2023-09-21 00:00:00'),(2213,6,1620,2,'2023-09-20 00:00:00'),(2214,6,2483,4,'2023-09-19 00:00:00'),(2215,6,524,3,'2023-09-18 00:00:00'),(2216,6,921,2,'2023-09-17 00:00:00'),(2217,6,1503,1,'2023-09-16 00:00:00'),(2218,6,2076,2,'2023-09-15 00:00:00'),(2219,6,4019,1,'2023-09-14 00:00:00'),(2220,6,1123,3,'2023-09-13 00:00:00'),(2221,6,3082,4,'2023-09-12 00:00:00'),(2222,6,3070,2,'2023-09-11 00:00:00'),(2223,6,2223,1,'2023-09-10 00:00:00'),(2224,6,4480,4,'2023-09-09 00:00:00'),(2225,6,3657,2,'2023-09-08 00:00:00'),(2226,6,740,1,'2023-09-07 00:00:00'),(2227,6,429,2,'2023-09-06 00:00:00'),(2228,6,4423,2,'2023-09-05 00:00:00'),(2229,6,1048,2,'2023-09-04 00:00:00'),(2230,6,2859,4,'2023-09-03 00:00:00'),(2231,6,386,2,'2023-09-02 00:00:00'),(2232,6,2501,4,'2023-09-01 00:00:00'),(2233,6,2618,1,'2023-08-31 00:00:00'),(2234,6,4072,1,'2023-08-30 00:00:00'),(2235,6,3343,3,'2023-08-29 00:00:00'),(2236,6,591,1,'2023-08-28 00:00:00'),(2237,6,433,1,'2023-08-27 00:00:00'),(2238,6,3601,1,'2023-08-26 00:00:00'),(2239,6,4094,4,'2023-08-25 00:00:00'),(2240,6,4127,4,'2023-08-24 00:00:00'),(2241,6,1998,2,'2023-08-23 00:00:00'),(2242,6,3659,4,'2023-08-22 00:00:00'),(2243,6,1867,2,'2023-08-21 00:00:00'),(2244,6,1834,3,'2023-08-20 00:00:00'),(2245,6,2329,4,'2023-08-19 00:00:00'),(2246,6,2720,4,'2023-08-18 00:00:00'),(2247,6,1551,3,'2023-08-17 00:00:00'),(2248,6,276,1,'2023-08-16 00:00:00'),(2249,6,3367,4,'2023-08-15 00:00:00'),(2250,6,2789,1,'2023-08-14 00:00:00'),(2251,6,280,1,'2023-08-13 00:00:00'),(2252,6,3180,4,'2023-08-12 00:00:00'),(2253,6,2927,3,'2023-08-11 00:00:00'),(2254,6,141,4,'2023-08-10 00:00:00'),(2255,6,421,3,'2023-08-09 00:00:00'),(2256,6,2477,2,'2023-08-08 00:00:00'),(2257,6,4179,4,'2023-08-07 00:00:00'),(2258,6,1089,1,'2023-08-06 00:00:00'),(2259,6,690,1,'2023-08-05 00:00:00'),(2260,6,4043,2,'2023-08-04 00:00:00'),(2261,6,3001,1,'2023-08-03 00:00:00'),(2262,6,1628,2,'2023-08-02 00:00:00'),(2263,6,4227,3,'2023-08-01 00:00:00'),(2264,6,3296,3,'2023-07-31 00:00:00'),(2265,6,2936,4,'2023-07-30 00:00:00'),(2266,6,4254,3,'2023-07-29 00:00:00'),(2267,6,2441,3,'2023-07-28 00:00:00'),(2268,6,3243,4,'2023-07-27 00:00:00'),(2269,6,3031,3,'2023-07-26 00:00:00'),(2270,6,2668,1,'2023-07-25 00:00:00'),(2271,6,1668,3,'2023-07-24 00:00:00'),(2272,6,3887,3,'2023-07-23 00:00:00'),(2273,6,877,4,'2023-07-22 00:00:00'),(2274,6,3927,2,'2023-07-21 00:00:00'),(2275,6,2680,3,'2023-07-20 00:00:00'),(2276,6,1443,1,'2023-07-19 00:00:00'),(2277,6,3181,3,'2023-07-18 00:00:00'),(2278,6,1009,2,'2023-07-17 00:00:00'),(2279,6,1307,4,'2023-07-16 00:00:00'),(2280,6,1727,4,'2023-07-15 00:00:00'),(2281,6,2123,4,'2023-07-14 00:00:00'),(2282,6,4217,1,'2023-07-13 00:00:00'),(2283,6,1676,3,'2023-07-12 00:00:00'),(2284,6,2010,1,'2023-07-11 00:00:00'),(2285,6,401,2,'2023-07-10 00:00:00'),(2286,6,166,2,'2023-07-09 00:00:00'),(2287,6,502,3,'2023-07-08 00:00:00'),(2288,6,3700,4,'2023-07-07 00:00:00'),(2289,6,1831,3,'2023-07-06 00:00:00'),(2290,6,2073,2,'2023-07-05 00:00:00'),(2291,6,1607,1,'2023-07-04 00:00:00'),(2292,6,2932,4,'2023-07-03 00:00:00'),(2293,6,2706,4,'2023-07-02 00:00:00'),(2294,6,506,2,'2023-07-01 00:00:00'),(2295,6,4187,4,'2023-06-30 00:00:00'),(2296,6,4562,1,'2023-06-29 00:00:00'),(2297,6,574,4,'2023-06-28 00:00:00'),(2298,6,3534,4,'2023-06-27 00:00:00'),(2299,6,1850,3,'2023-06-26 00:00:00'),(2300,6,3431,4,'2023-06-25 00:00:00'),(2301,6,616,2,'2023-06-24 00:00:00'),(2302,6,1439,3,'2023-06-23 00:00:00'),(2303,6,2682,3,'2023-06-22 00:00:00'),(2304,6,4236,1,'2023-06-21 00:00:00'),(2305,6,401,2,'2023-06-20 00:00:00'),(2306,6,302,2,'2023-06-19 00:00:00'),(2307,6,1638,1,'2023-06-18 00:00:00'),(2308,6,188,2,'2023-06-17 00:00:00'),(2309,6,3101,2,'2023-06-16 00:00:00'),(2310,6,3653,1,'2023-06-15 00:00:00'),(2311,6,843,1,'2023-06-14 00:00:00'),(2312,6,640,3,'2023-06-13 00:00:00'),(2313,6,4000,3,'2023-06-12 00:00:00'),(2314,6,2973,1,'2023-06-11 00:00:00'),(2315,6,878,3,'2023-06-10 00:00:00'),(2316,6,2895,1,'2023-06-09 00:00:00'),(2317,6,4283,3,'2023-06-08 00:00:00'),(2318,6,1107,3,'2023-06-07 00:00:00'),(2319,6,1721,3,'2023-06-06 00:00:00'),(2320,6,2793,3,'2023-06-05 00:00:00'),(2321,6,787,4,'2023-06-04 00:00:00'),(2322,6,3521,1,'2023-06-03 00:00:00'),(2323,6,1824,4,'2023-06-02 00:00:00'),(2324,6,3654,4,'2023-06-01 00:00:00'),(2325,6,4301,3,'2023-05-31 00:00:00'),(2326,6,4095,3,'2023-05-30 00:00:00'),(2327,6,2232,2,'2023-05-29 00:00:00'),(2328,6,2912,4,'2023-05-28 00:00:00'),(2329,6,3262,2,'2023-05-27 00:00:00'),(2330,6,814,3,'2023-05-26 00:00:00'),(2331,6,1327,3,'2023-05-25 00:00:00'),(2332,6,1363,4,'2023-05-24 00:00:00'),(2333,6,3544,2,'2023-05-23 00:00:00'),(2334,6,1366,3,'2023-05-22 00:00:00'),(2335,6,817,2,'2023-05-21 00:00:00'),(2336,6,3485,1,'2023-05-20 00:00:00'),(2337,6,331,4,'2023-05-19 00:00:00'),(2338,6,1126,2,'2023-05-18 00:00:00'),(2339,6,2792,3,'2023-05-17 00:00:00'),(2340,6,2808,4,'2023-05-16 00:00:00'),(2341,6,2951,3,'2023-05-15 00:00:00'),(2342,6,1400,4,'2023-05-14 00:00:00'),(2343,6,2846,2,'2023-05-13 00:00:00'),(2344,6,4136,2,'2023-05-12 00:00:00'),(2345,6,2211,4,'2023-05-11 00:00:00'),(2346,6,1633,3,'2023-05-10 00:00:00'),(2347,6,3069,2,'2023-05-09 00:00:00'),(2348,6,1155,2,'2023-05-08 00:00:00'),(2349,6,868,1,'2023-05-07 00:00:00'),(2350,6,2289,3,'2023-05-06 00:00:00'),(2351,6,2947,1,'2023-05-05 00:00:00'),(2352,6,3689,1,'2023-05-04 00:00:00'),(2353,6,3600,3,'2023-05-03 00:00:00'),(2354,6,134,4,'2023-05-02 00:00:00'),(2355,6,1574,3,'2023-05-01 00:00:00'),(2356,6,4473,4,'2023-04-30 00:00:00'),(2357,6,3528,4,'2023-04-29 00:00:00'),(2358,6,3346,4,'2023-04-28 00:00:00'),(2359,6,1357,2,'2023-04-27 00:00:00'),(2360,6,4429,4,'2023-04-26 00:00:00'),(2361,6,2731,2,'2023-04-25 00:00:00'),(2362,6,1635,3,'2023-04-24 00:00:00'),(2363,6,1658,3,'2023-04-23 00:00:00'),(2364,6,941,1,'2023-04-22 00:00:00'),(2365,6,3783,2,'2023-04-21 00:00:00'),(2366,6,4512,3,'2023-04-20 00:00:00'),(2367,6,4395,1,'2023-04-19 00:00:00'),(2368,6,2732,4,'2023-04-18 00:00:00'),(2369,6,4338,1,'2023-04-17 00:00:00'),(2370,6,1037,4,'2023-04-16 00:00:00'),(2371,6,683,1,'2023-04-15 00:00:00'),(2372,6,3270,4,'2023-04-14 00:00:00'),(2373,6,3247,4,'2023-04-13 00:00:00'),(2374,6,2121,2,'2023-04-12 00:00:00'),(2375,6,4129,3,'2023-04-11 00:00:00'),(2376,6,2355,3,'2023-04-10 00:00:00'),(2377,6,1126,2,'2023-04-09 00:00:00'),(2378,6,248,4,'2023-04-08 00:00:00'),(2379,6,3669,4,'2023-04-07 00:00:00'),(2380,7,922,4,'2024-04-05 00:00:00'),(2381,7,2882,3,'2024-04-04 00:00:00'),(2382,7,2725,4,'2024-04-03 00:00:00'),(2383,7,3294,3,'2024-04-02 00:00:00'),(2384,7,779,2,'2024-04-01 00:00:00'),(2385,7,4173,1,'2024-03-31 00:00:00'),(2386,7,658,1,'2024-03-30 00:00:00'),(2387,7,4215,3,'2024-03-29 00:00:00'),(2388,7,2450,4,'2024-03-28 00:00:00'),(2389,7,1135,3,'2024-03-27 00:00:00'),(2390,7,968,3,'2024-03-26 00:00:00'),(2391,7,3651,1,'2024-03-25 00:00:00'),(2392,7,2053,2,'2024-03-24 00:00:00'),(2393,7,931,4,'2024-03-23 00:00:00'),(2394,7,265,4,'2024-03-22 00:00:00'),(2395,7,2003,1,'2024-03-21 00:00:00'),(2396,7,1023,2,'2024-03-20 00:00:00'),(2397,7,615,4,'2024-03-19 00:00:00'),(2398,7,4136,4,'2024-03-18 00:00:00'),(2399,7,3693,3,'2024-03-17 00:00:00'),(2400,7,2906,3,'2024-03-16 00:00:00'),(2401,7,4495,2,'2024-03-15 00:00:00'),(2402,7,626,3,'2024-03-14 00:00:00'),(2403,7,308,2,'2024-03-13 00:00:00'),(2404,7,313,1,'2024-03-12 00:00:00'),(2405,7,3319,4,'2024-03-11 00:00:00'),(2406,7,2175,1,'2024-03-10 00:00:00'),(2407,7,777,3,'2024-03-09 00:00:00'),(2408,7,3477,4,'2024-03-08 00:00:00'),(2409,7,2296,4,'2024-03-07 00:00:00'),(2410,7,3911,2,'2024-03-06 00:00:00'),(2411,7,2821,1,'2024-03-05 00:00:00'),(2412,7,3358,4,'2024-03-04 00:00:00'),(2413,7,2452,2,'2024-03-03 00:00:00'),(2414,7,2428,3,'2024-03-02 00:00:00'),(2415,7,1440,1,'2024-03-01 00:00:00'),(2416,7,1069,1,'2024-02-29 00:00:00'),(2417,7,2272,2,'2024-02-28 00:00:00'),(2418,7,1600,4,'2024-02-27 00:00:00'),(2419,7,529,4,'2024-02-26 00:00:00'),(2420,7,2651,3,'2024-02-25 00:00:00'),(2421,7,1173,3,'2024-02-24 00:00:00'),(2422,7,3817,2,'2024-02-23 00:00:00'),(2423,7,2342,2,'2024-02-22 00:00:00'),(2424,7,4147,3,'2024-02-21 00:00:00'),(2425,7,3254,4,'2024-02-20 00:00:00'),(2426,7,2889,4,'2024-02-19 00:00:00'),(2427,7,3935,1,'2024-02-18 00:00:00'),(2428,7,4327,3,'2024-02-17 00:00:00'),(2429,7,1839,4,'2024-02-16 00:00:00'),(2430,7,4461,2,'2024-02-15 00:00:00'),(2431,7,4119,1,'2024-02-14 00:00:00'),(2432,7,3717,2,'2024-02-13 00:00:00'),(2433,7,1968,2,'2024-02-12 00:00:00'),(2434,7,4134,3,'2024-02-11 00:00:00'),(2435,7,907,2,'2024-02-10 00:00:00'),(2436,7,828,1,'2024-02-09 00:00:00'),(2437,7,416,4,'2024-02-08 00:00:00'),(2438,7,2374,1,'2024-02-07 00:00:00'),(2439,7,4539,2,'2024-02-06 00:00:00'),(2440,7,1426,4,'2024-02-05 00:00:00'),(2441,7,184,2,'2024-02-04 00:00:00'),(2442,7,3883,4,'2024-02-03 00:00:00'),(2443,7,786,3,'2024-02-02 00:00:00'),(2444,7,2940,3,'2024-02-01 00:00:00'),(2445,7,3286,2,'2024-01-31 00:00:00'),(2446,7,4354,2,'2024-01-30 00:00:00'),(2447,7,401,1,'2024-01-29 00:00:00'),(2448,7,3797,1,'2024-01-28 00:00:00'),(2449,7,4130,4,'2024-01-27 00:00:00'),(2450,7,3178,2,'2024-01-26 00:00:00'),(2451,7,3858,1,'2024-01-25 00:00:00'),(2452,7,2171,3,'2024-01-24 00:00:00'),(2453,7,1012,3,'2024-01-23 00:00:00'),(2454,7,3069,3,'2024-01-22 00:00:00'),(2455,7,1751,2,'2024-01-21 00:00:00'),(2456,7,230,1,'2024-01-20 00:00:00'),(2457,7,4222,4,'2024-01-19 00:00:00'),(2458,7,1364,1,'2024-01-18 00:00:00'),(2459,7,1357,1,'2024-01-17 00:00:00'),(2460,7,836,3,'2024-01-16 00:00:00'),(2461,7,3455,1,'2024-01-15 00:00:00'),(2462,7,574,3,'2024-01-14 00:00:00'),(2463,7,906,1,'2024-01-13 00:00:00'),(2464,7,3422,4,'2024-01-12 00:00:00'),(2465,7,287,3,'2024-01-11 00:00:00'),(2466,7,1756,2,'2024-01-10 00:00:00'),(2467,7,172,2,'2024-01-09 00:00:00'),(2468,7,764,4,'2024-01-08 00:00:00'),(2469,7,2818,3,'2024-01-07 00:00:00'),(2470,7,2078,1,'2024-01-06 00:00:00'),(2471,7,1026,1,'2024-01-05 00:00:00'),(2472,7,732,4,'2024-01-04 00:00:00'),(2473,7,3231,2,'2024-01-03 00:00:00'),(2474,7,3399,1,'2024-01-02 00:00:00'),(2475,7,581,1,'2024-01-01 00:00:00'),(2476,7,163,2,'2023-12-31 00:00:00'),(2477,7,1279,1,'2023-12-30 00:00:00'),(2478,7,1193,1,'2023-12-29 00:00:00'),(2479,7,2299,2,'2023-12-28 00:00:00'),(2480,7,1537,3,'2023-12-27 00:00:00'),(2481,7,686,4,'2023-12-26 00:00:00'),(2482,7,1945,4,'2023-12-25 00:00:00'),(2483,7,4115,2,'2023-12-24 00:00:00'),(2484,7,2498,3,'2023-12-23 00:00:00'),(2485,7,3637,2,'2023-12-22 00:00:00'),(2486,7,4228,3,'2023-12-21 00:00:00'),(2487,7,3471,2,'2023-12-20 00:00:00'),(2488,7,1854,1,'2023-12-19 00:00:00'),(2489,7,2874,2,'2023-12-18 00:00:00'),(2490,7,1664,2,'2023-12-17 00:00:00'),(2491,7,3406,3,'2023-12-16 00:00:00'),(2492,7,341,1,'2023-12-15 00:00:00'),(2493,7,3483,4,'2023-12-14 00:00:00'),(2494,7,423,4,'2023-12-13 00:00:00'),(2495,7,1264,3,'2023-12-12 00:00:00'),(2496,7,2849,3,'2023-12-11 00:00:00'),(2497,7,3253,2,'2023-12-10 00:00:00'),(2498,7,3759,3,'2023-12-09 00:00:00'),(2499,7,3562,1,'2023-12-08 00:00:00'),(2500,7,677,3,'2023-12-07 00:00:00'),(2501,7,4071,1,'2023-12-06 00:00:00'),(2502,7,1165,4,'2023-12-05 00:00:00'),(2503,7,1365,3,'2023-12-04 00:00:00'),(2504,7,3203,3,'2023-12-03 00:00:00'),(2505,7,3399,1,'2023-12-02 00:00:00'),(2506,7,3180,2,'2023-12-01 00:00:00'),(2507,7,2137,1,'2023-11-30 00:00:00'),(2508,7,4516,4,'2023-11-29 00:00:00'),(2509,7,1253,2,'2023-11-28 00:00:00'),(2510,7,4546,3,'2023-11-27 00:00:00'),(2511,7,1642,4,'2023-11-26 00:00:00'),(2512,7,2318,1,'2023-11-25 00:00:00'),(2513,7,1718,3,'2023-11-24 00:00:00'),(2514,7,4117,4,'2023-11-23 00:00:00'),(2515,7,3506,1,'2023-11-22 00:00:00'),(2516,7,2541,2,'2023-11-21 00:00:00'),(2517,7,3828,1,'2023-11-20 00:00:00'),(2518,7,2485,1,'2023-11-19 00:00:00'),(2519,7,3821,2,'2023-11-18 00:00:00'),(2520,7,4107,4,'2023-11-17 00:00:00'),(2521,7,2176,3,'2023-11-16 00:00:00'),(2522,7,206,2,'2023-11-15 00:00:00'),(2523,7,2278,1,'2023-11-14 00:00:00'),(2524,7,2026,1,'2023-11-13 00:00:00'),(2525,7,338,3,'2023-11-12 00:00:00'),(2526,7,1767,3,'2023-11-11 00:00:00'),(2527,7,1392,1,'2023-11-10 00:00:00'),(2528,7,1970,4,'2023-11-09 00:00:00'),(2529,7,3235,2,'2023-11-08 00:00:00'),(2530,7,4551,2,'2023-11-07 00:00:00'),(2531,7,1862,1,'2023-11-06 00:00:00'),(2532,7,638,1,'2023-11-05 00:00:00'),(2533,7,1685,3,'2023-11-04 00:00:00'),(2534,7,4532,2,'2023-11-03 00:00:00'),(2535,7,3562,2,'2023-11-02 00:00:00'),(2536,7,3224,1,'2023-11-01 00:00:00'),(2537,7,3033,1,'2023-10-31 00:00:00'),(2538,7,2254,1,'2023-10-30 00:00:00'),(2539,7,3809,4,'2023-10-29 00:00:00'),(2540,7,4022,1,'2023-10-28 00:00:00'),(2541,7,4153,3,'2023-10-27 00:00:00'),(2542,7,2980,3,'2023-10-26 00:00:00'),(2543,7,4047,1,'2023-10-25 00:00:00'),(2544,7,533,2,'2023-10-24 00:00:00'),(2545,7,997,3,'2023-10-23 00:00:00'),(2546,7,2059,1,'2023-10-22 00:00:00'),(2547,7,184,4,'2023-10-21 00:00:00'),(2548,7,3571,1,'2023-10-20 00:00:00'),(2549,7,209,2,'2023-10-19 00:00:00'),(2550,7,1206,2,'2023-10-18 00:00:00'),(2551,7,1227,2,'2023-10-17 00:00:00'),(2552,7,3690,2,'2023-10-16 00:00:00'),(2553,7,963,2,'2023-10-15 00:00:00'),(2554,7,3296,3,'2023-10-14 00:00:00'),(2555,7,596,1,'2023-10-13 00:00:00'),(2556,7,1654,2,'2023-10-12 00:00:00'),(2557,7,3997,2,'2023-10-11 00:00:00'),(2558,7,282,2,'2023-10-10 00:00:00'),(2559,7,3041,4,'2023-10-09 00:00:00'),(2560,7,654,1,'2023-10-08 00:00:00'),(2561,7,4266,3,'2023-10-07 00:00:00'),(2562,7,4353,4,'2023-10-06 00:00:00'),(2563,7,4452,1,'2023-10-05 00:00:00'),(2564,7,3890,4,'2023-10-04 00:00:00'),(2565,7,813,4,'2023-10-03 00:00:00'),(2566,7,855,3,'2023-10-02 00:00:00'),(2567,7,1464,2,'2023-10-01 00:00:00'),(2568,7,2524,3,'2023-09-30 00:00:00'),(2569,7,710,2,'2023-09-29 00:00:00'),(2570,7,2337,3,'2023-09-28 00:00:00'),(2571,7,2251,2,'2023-09-27 00:00:00'),(2572,7,342,1,'2023-09-26 00:00:00'),(2573,7,363,3,'2023-09-25 00:00:00'),(2574,7,4109,2,'2023-09-24 00:00:00'),(2575,7,1822,2,'2023-09-23 00:00:00'),(2576,7,1976,1,'2023-09-22 00:00:00'),(2577,7,2101,4,'2023-09-21 00:00:00'),(2578,7,4561,2,'2023-09-20 00:00:00'),(2579,7,1100,2,'2023-09-19 00:00:00'),(2580,7,2464,4,'2023-09-18 00:00:00'),(2581,7,2264,3,'2023-09-17 00:00:00'),(2582,7,440,3,'2023-09-16 00:00:00'),(2583,7,3724,2,'2023-09-15 00:00:00'),(2584,7,3380,2,'2023-09-14 00:00:00'),(2585,7,620,3,'2023-09-13 00:00:00'),(2586,7,2101,2,'2023-09-12 00:00:00'),(2587,7,3558,2,'2023-09-11 00:00:00'),(2588,7,3991,3,'2023-09-10 00:00:00'),(2589,7,140,2,'2023-09-09 00:00:00'),(2590,7,1080,3,'2023-09-08 00:00:00'),(2591,7,501,1,'2023-09-07 00:00:00'),(2592,7,4473,3,'2023-09-06 00:00:00'),(2593,7,3405,2,'2023-09-05 00:00:00'),(2594,7,1221,4,'2023-09-04 00:00:00'),(2595,7,930,2,'2023-09-03 00:00:00'),(2596,7,3196,1,'2023-09-02 00:00:00'),(2597,7,3461,2,'2023-09-01 00:00:00'),(2598,7,797,1,'2023-08-31 00:00:00'),(2599,7,4503,2,'2023-08-30 00:00:00'),(2600,7,4292,2,'2023-08-29 00:00:00'),(2601,7,2902,4,'2023-08-28 00:00:00'),(2602,7,4011,2,'2023-08-27 00:00:00'),(2603,7,1387,3,'2023-08-26 00:00:00'),(2604,7,1438,4,'2023-08-25 00:00:00'),(2605,7,3315,1,'2023-08-24 00:00:00'),(2606,7,3750,2,'2023-08-23 00:00:00'),(2607,7,1462,2,'2023-08-22 00:00:00'),(2608,7,2721,2,'2023-08-21 00:00:00'),(2609,7,1038,2,'2023-08-20 00:00:00'),(2610,7,4239,2,'2023-08-19 00:00:00'),(2611,7,3933,2,'2023-08-18 00:00:00'),(2612,7,3331,1,'2023-08-17 00:00:00'),(2613,7,3112,4,'2023-08-16 00:00:00'),(2614,7,927,1,'2023-08-15 00:00:00'),(2615,7,3753,1,'2023-08-14 00:00:00'),(2616,7,312,2,'2023-08-13 00:00:00'),(2617,7,2786,4,'2023-08-12 00:00:00'),(2618,7,450,3,'2023-08-11 00:00:00'),(2619,7,2124,1,'2023-08-10 00:00:00'),(2620,7,3505,4,'2023-08-09 00:00:00'),(2621,7,1824,1,'2023-08-08 00:00:00'),(2622,7,1938,4,'2023-08-07 00:00:00'),(2623,7,3080,1,'2023-08-06 00:00:00'),(2624,7,3583,3,'2023-08-05 00:00:00'),(2625,7,636,4,'2023-08-04 00:00:00'),(2626,7,4075,4,'2023-08-03 00:00:00'),(2627,7,4247,3,'2023-08-02 00:00:00'),(2628,7,2657,3,'2023-08-01 00:00:00'),(2629,7,3730,1,'2023-07-31 00:00:00'),(2630,7,4258,3,'2023-07-30 00:00:00'),(2631,7,211,3,'2023-07-29 00:00:00'),(2632,7,4062,3,'2023-07-28 00:00:00'),(2633,7,679,2,'2023-07-27 00:00:00'),(2634,7,229,1,'2023-07-26 00:00:00'),(2635,7,3740,3,'2023-07-25 00:00:00'),(2636,7,219,3,'2023-07-24 00:00:00'),(2637,7,3693,2,'2023-07-23 00:00:00'),(2638,7,421,2,'2023-07-22 00:00:00'),(2639,7,3353,1,'2023-07-21 00:00:00'),(2640,7,1656,3,'2023-07-20 00:00:00'),(2641,7,277,3,'2023-07-19 00:00:00'),(2642,7,2385,2,'2023-07-18 00:00:00'),(2643,7,4058,4,'2023-07-17 00:00:00'),(2644,7,681,1,'2023-07-16 00:00:00'),(2645,7,4564,3,'2023-07-15 00:00:00'),(2646,7,1595,4,'2023-07-14 00:00:00'),(2647,7,2513,2,'2023-07-13 00:00:00'),(2648,7,582,2,'2023-07-12 00:00:00'),(2649,7,4116,3,'2023-07-11 00:00:00'),(2650,7,4514,2,'2023-07-10 00:00:00'),(2651,7,4455,4,'2023-07-09 00:00:00'),(2652,7,3785,2,'2023-07-08 00:00:00'),(2653,7,1550,2,'2023-07-07 00:00:00'),(2654,7,2201,2,'2023-07-06 00:00:00'),(2655,7,2584,2,'2023-07-05 00:00:00'),(2656,7,1263,4,'2023-07-04 00:00:00'),(2657,7,3483,2,'2023-07-03 00:00:00'),(2658,7,1853,2,'2023-07-02 00:00:00'),(2659,7,1534,1,'2023-07-01 00:00:00'),(2660,7,4193,4,'2023-06-30 00:00:00'),(2661,7,2138,2,'2023-06-29 00:00:00'),(2662,7,1853,4,'2023-06-28 00:00:00'),(2663,7,2042,4,'2023-06-27 00:00:00'),(2664,7,3841,1,'2023-06-26 00:00:00'),(2665,7,1273,3,'2023-06-25 00:00:00'),(2666,7,947,4,'2023-06-24 00:00:00'),(2667,7,3678,1,'2023-06-23 00:00:00'),(2668,7,948,1,'2023-06-22 00:00:00'),(2669,7,770,1,'2023-06-21 00:00:00'),(2670,7,2548,2,'2023-06-20 00:00:00'),(2671,7,1304,1,'2023-06-19 00:00:00'),(2672,7,1948,4,'2023-06-18 00:00:00'),(2673,7,2482,4,'2023-06-17 00:00:00'),(2674,7,796,3,'2023-06-16 00:00:00'),(2675,7,3630,4,'2023-06-15 00:00:00'),(2676,7,3649,3,'2023-06-14 00:00:00'),(2677,7,523,1,'2023-06-13 00:00:00'),(2678,7,2073,1,'2023-06-12 00:00:00'),(2679,7,4111,3,'2023-06-11 00:00:00'),(2680,7,2437,2,'2023-06-10 00:00:00'),(2681,7,2128,1,'2023-06-09 00:00:00'),(2682,7,2684,3,'2023-06-08 00:00:00'),(2683,7,1609,4,'2023-06-07 00:00:00'),(2684,7,3898,4,'2023-06-06 00:00:00'),(2685,7,1864,4,'2023-06-05 00:00:00'),(2686,7,1025,2,'2023-06-04 00:00:00'),(2687,7,2009,3,'2023-06-03 00:00:00'),(2688,7,4152,3,'2023-06-02 00:00:00'),(2689,7,2688,2,'2023-06-01 00:00:00'),(2690,7,1996,3,'2023-05-31 00:00:00'),(2691,7,1017,3,'2023-05-30 00:00:00'),(2692,7,3392,3,'2023-05-29 00:00:00'),(2693,7,3370,3,'2023-05-28 00:00:00'),(2694,7,2684,1,'2023-05-27 00:00:00'),(2695,7,2098,4,'2023-05-26 00:00:00'),(2696,7,1029,2,'2023-05-25 00:00:00'),(2697,7,371,1,'2023-05-24 00:00:00'),(2698,7,2176,3,'2023-05-23 00:00:00'),(2699,7,862,1,'2023-05-22 00:00:00'),(2700,7,3319,2,'2023-05-21 00:00:00'),(2701,7,3152,1,'2023-05-20 00:00:00'),(2702,7,880,2,'2023-05-19 00:00:00'),(2703,7,2578,3,'2023-05-18 00:00:00'),(2704,7,1621,2,'2023-05-17 00:00:00'),(2705,7,3648,1,'2023-05-16 00:00:00'),(2706,7,3375,2,'2023-05-15 00:00:00'),(2707,7,3067,4,'2023-05-14 00:00:00'),(2708,7,2556,4,'2023-05-13 00:00:00'),(2709,7,3421,3,'2023-05-12 00:00:00'),(2710,7,1797,2,'2023-05-11 00:00:00'),(2711,7,3119,2,'2023-05-10 00:00:00'),(2712,7,4172,3,'2023-05-09 00:00:00'),(2713,7,2972,4,'2023-05-08 00:00:00'),(2714,7,1411,3,'2023-05-07 00:00:00'),(2715,7,3767,2,'2023-05-06 00:00:00'),(2716,7,650,1,'2023-05-05 00:00:00'),(2717,7,3782,4,'2023-05-04 00:00:00'),(2718,7,4119,2,'2023-05-03 00:00:00'),(2719,7,260,2,'2023-05-02 00:00:00'),(2720,7,2769,4,'2023-05-01 00:00:00'),(2721,7,306,2,'2023-04-30 00:00:00'),(2722,7,1161,2,'2023-04-29 00:00:00'),(2723,7,1135,2,'2023-04-28 00:00:00'),(2724,7,3535,4,'2023-04-27 00:00:00'),(2725,7,1483,1,'2023-04-26 00:00:00'),(2726,7,903,2,'2023-04-25 00:00:00'),(2727,7,1838,3,'2023-04-24 00:00:00'),(2728,7,4078,4,'2023-04-23 00:00:00'),(2729,7,2323,4,'2023-04-22 00:00:00'),(2730,7,3693,2,'2023-04-21 00:00:00'),(2731,7,1072,2,'2023-04-20 00:00:00'),(2732,7,4415,4,'2023-04-19 00:00:00'),(2733,7,1983,3,'2023-04-18 00:00:00'),(2734,7,920,1,'2023-04-17 00:00:00'),(2735,7,2656,1,'2023-04-16 00:00:00'),(2736,7,2024,4,'2023-04-15 00:00:00'),(2737,7,2819,3,'2023-04-14 00:00:00'),(2738,7,970,2,'2023-04-13 00:00:00'),(2739,7,4179,1,'2023-04-12 00:00:00'),(2740,7,3198,2,'2023-04-11 00:00:00'),(2741,7,163,2,'2023-04-10 00:00:00'),(2742,7,2647,2,'2023-04-09 00:00:00'),(2743,7,3887,4,'2023-04-08 00:00:00'),(2744,7,1703,1,'2023-04-07 00:00:00'),(2745,8,3735,2,'2024-04-05 00:00:00'),(2746,8,2003,4,'2024-04-04 00:00:00'),(2747,8,3771,4,'2024-04-03 00:00:00'),(2748,8,3377,3,'2024-04-02 00:00:00'),(2749,8,4079,2,'2024-04-01 00:00:00'),(2750,8,2737,4,'2024-03-31 00:00:00'),(2751,8,247,4,'2024-03-30 00:00:00'),(2752,8,1004,4,'2024-03-29 00:00:00'),(2753,8,4449,4,'2024-03-28 00:00:00'),(2754,8,3867,2,'2024-03-27 00:00:00'),(2755,8,2904,2,'2024-03-26 00:00:00'),(2756,8,3334,3,'2024-03-25 00:00:00'),(2757,8,4019,3,'2024-03-24 00:00:00'),(2758,8,2478,2,'2024-03-23 00:00:00'),(2759,8,4460,3,'2024-03-22 00:00:00'),(2760,8,2823,3,'2024-03-21 00:00:00'),(2761,8,4217,3,'2024-03-20 00:00:00'),(2762,8,1526,3,'2024-03-19 00:00:00'),(2763,8,233,2,'2024-03-18 00:00:00'),(2764,8,2319,4,'2024-03-17 00:00:00'),(2765,8,2260,2,'2024-03-16 00:00:00'),(2766,8,1834,2,'2024-03-15 00:00:00'),(2767,8,2089,3,'2024-03-14 00:00:00'),(2768,8,2789,1,'2024-03-13 00:00:00'),(2769,8,4530,1,'2024-03-12 00:00:00'),(2770,8,1713,1,'2024-03-11 00:00:00'),(2771,8,2205,1,'2024-03-10 00:00:00'),(2772,8,1077,1,'2024-03-09 00:00:00'),(2773,8,3319,2,'2024-03-08 00:00:00'),(2774,8,1175,2,'2024-03-07 00:00:00'),(2775,8,4366,4,'2024-03-06 00:00:00'),(2776,8,3354,4,'2024-03-05 00:00:00'),(2777,8,1448,1,'2024-03-04 00:00:00'),(2778,8,232,2,'2024-03-03 00:00:00'),(2779,8,636,3,'2024-03-02 00:00:00'),(2780,8,1938,3,'2024-03-01 00:00:00'),(2781,8,2584,4,'2024-02-29 00:00:00'),(2782,8,1084,3,'2024-02-28 00:00:00'),(2783,8,3815,2,'2024-02-27 00:00:00'),(2784,8,4161,4,'2024-02-26 00:00:00'),(2785,8,2026,2,'2024-02-25 00:00:00'),(2786,8,3691,4,'2024-02-24 00:00:00'),(2787,8,189,1,'2024-02-23 00:00:00'),(2788,8,3239,1,'2024-02-22 00:00:00'),(2789,8,2718,3,'2024-02-21 00:00:00'),(2790,8,2022,2,'2024-02-20 00:00:00'),(2791,8,4390,4,'2024-02-19 00:00:00'),(2792,8,4320,4,'2024-02-18 00:00:00'),(2793,8,2453,4,'2024-02-17 00:00:00'),(2794,8,652,1,'2024-02-16 00:00:00'),(2795,8,632,2,'2024-02-15 00:00:00'),(2796,8,3198,4,'2024-02-14 00:00:00'),(2797,8,393,3,'2024-02-13 00:00:00'),(2798,8,3843,2,'2024-02-12 00:00:00'),(2799,8,1270,3,'2024-02-11 00:00:00'),(2800,8,2445,2,'2024-02-10 00:00:00'),(2801,8,3901,1,'2024-02-09 00:00:00'),(2802,8,1784,3,'2024-02-08 00:00:00'),(2803,8,3420,2,'2024-02-07 00:00:00'),(2804,8,525,1,'2024-02-06 00:00:00'),(2805,8,3522,3,'2024-02-05 00:00:00'),(2806,8,2398,2,'2024-02-04 00:00:00'),(2807,8,4065,1,'2024-02-03 00:00:00'),(2808,8,4467,2,'2024-02-02 00:00:00'),(2809,8,2976,1,'2024-02-01 00:00:00'),(2810,8,3360,4,'2024-01-31 00:00:00'),(2811,8,2876,2,'2024-01-30 00:00:00'),(2812,8,1594,2,'2024-01-29 00:00:00'),(2813,8,2228,2,'2024-01-28 00:00:00'),(2814,8,3241,4,'2024-01-27 00:00:00'),(2815,8,1077,2,'2024-01-26 00:00:00'),(2816,8,3718,4,'2024-01-25 00:00:00'),(2817,8,400,4,'2024-01-24 00:00:00'),(2818,8,3966,2,'2024-01-23 00:00:00'),(2819,8,2277,2,'2024-01-22 00:00:00'),(2820,8,1720,2,'2024-01-21 00:00:00'),(2821,8,1484,3,'2024-01-20 00:00:00'),(2822,8,1819,2,'2024-01-19 00:00:00'),(2823,8,3934,3,'2024-01-18 00:00:00'),(2824,8,2008,1,'2024-01-17 00:00:00'),(2825,8,423,4,'2024-01-16 00:00:00'),(2826,8,4486,4,'2024-01-15 00:00:00'),(2827,8,1861,3,'2024-01-14 00:00:00'),(2828,8,3400,2,'2024-01-13 00:00:00'),(2829,8,3351,4,'2024-01-12 00:00:00'),(2830,8,3281,1,'2024-01-11 00:00:00'),(2831,8,4304,1,'2024-01-10 00:00:00'),(2832,8,3741,4,'2024-01-09 00:00:00'),(2833,8,2472,3,'2024-01-08 00:00:00'),(2834,8,741,3,'2024-01-07 00:00:00'),(2835,8,1620,1,'2024-01-06 00:00:00'),(2836,8,3145,4,'2024-01-05 00:00:00'),(2837,8,3864,1,'2024-01-04 00:00:00'),(2838,8,1591,3,'2024-01-03 00:00:00'),(2839,8,3863,2,'2024-01-02 00:00:00'),(2840,8,4560,4,'2024-01-01 00:00:00'),(2841,8,2479,3,'2023-12-31 00:00:00'),(2842,8,1777,2,'2023-12-30 00:00:00'),(2843,8,4116,1,'2023-12-29 00:00:00'),(2844,8,4291,4,'2023-12-28 00:00:00'),(2845,8,1162,4,'2023-12-27 00:00:00'),(2846,8,3070,1,'2023-12-26 00:00:00'),(2847,8,4143,2,'2023-12-25 00:00:00'),(2848,8,3691,2,'2023-12-24 00:00:00'),(2849,8,3204,4,'2023-12-23 00:00:00'),(2850,8,2068,1,'2023-12-22 00:00:00'),(2851,8,4515,3,'2023-12-21 00:00:00'),(2852,8,1711,4,'2023-12-20 00:00:00'),(2853,8,895,4,'2023-12-19 00:00:00'),(2854,8,1495,1,'2023-12-18 00:00:00'),(2855,8,3115,1,'2023-12-17 00:00:00'),(2856,8,1985,1,'2023-12-16 00:00:00'),(2857,8,3570,2,'2023-12-15 00:00:00'),(2858,8,4145,4,'2023-12-14 00:00:00'),(2859,8,1324,2,'2023-12-13 00:00:00'),(2860,8,340,1,'2023-12-12 00:00:00'),(2861,8,1648,3,'2023-12-11 00:00:00'),(2862,8,983,3,'2023-12-10 00:00:00'),(2863,8,1604,2,'2023-12-09 00:00:00'),(2864,8,738,1,'2023-12-08 00:00:00'),(2865,8,2629,3,'2023-12-07 00:00:00'),(2866,8,3390,3,'2023-12-06 00:00:00'),(2867,8,2483,3,'2023-12-05 00:00:00'),(2868,8,930,2,'2023-12-04 00:00:00'),(2869,8,826,1,'2023-12-03 00:00:00'),(2870,8,1009,3,'2023-12-02 00:00:00'),(2871,8,2986,3,'2023-12-01 00:00:00'),(2872,8,3245,1,'2023-11-30 00:00:00'),(2873,8,3738,4,'2023-11-29 00:00:00'),(2874,8,547,1,'2023-11-28 00:00:00'),(2875,8,844,4,'2023-11-27 00:00:00'),(2876,8,4024,3,'2023-11-26 00:00:00'),(2877,8,1705,3,'2023-11-25 00:00:00'),(2878,8,1642,3,'2023-11-24 00:00:00'),(2879,8,2452,3,'2023-11-23 00:00:00'),(2880,8,945,2,'2023-11-22 00:00:00'),(2881,8,1978,4,'2023-11-21 00:00:00'),(2882,8,2541,3,'2023-11-20 00:00:00'),(2883,8,3621,3,'2023-11-19 00:00:00'),(2884,8,232,3,'2023-11-18 00:00:00'),(2885,8,3041,4,'2023-11-17 00:00:00'),(2886,8,2800,2,'2023-11-16 00:00:00'),(2887,8,3709,3,'2023-11-15 00:00:00'),(2888,8,1571,1,'2023-11-14 00:00:00'),(2889,8,3365,3,'2023-11-13 00:00:00'),(2890,8,3564,3,'2023-11-12 00:00:00'),(2891,8,3592,2,'2023-11-11 00:00:00'),(2892,8,2703,4,'2023-11-10 00:00:00'),(2893,8,462,2,'2023-11-09 00:00:00'),(2894,8,3358,3,'2023-11-08 00:00:00'),(2895,8,359,4,'2023-11-07 00:00:00'),(2896,8,2443,1,'2023-11-06 00:00:00'),(2897,8,2991,3,'2023-11-05 00:00:00'),(2898,8,737,2,'2023-11-04 00:00:00'),(2899,8,3487,3,'2023-11-03 00:00:00'),(2900,8,2444,2,'2023-11-02 00:00:00'),(2901,8,3789,3,'2023-11-01 00:00:00'),(2902,8,4343,2,'2023-10-31 00:00:00'),(2903,8,4164,3,'2023-10-30 00:00:00'),(2904,8,947,1,'2023-10-29 00:00:00'),(2905,8,3279,4,'2023-10-28 00:00:00'),(2906,8,3089,4,'2023-10-27 00:00:00'),(2907,8,2524,3,'2023-10-26 00:00:00'),(2908,8,1387,3,'2023-10-25 00:00:00'),(2909,8,1537,3,'2023-10-24 00:00:00'),(2910,8,1222,4,'2023-10-23 00:00:00'),(2911,8,1710,4,'2023-10-22 00:00:00'),(2912,8,3891,4,'2023-10-21 00:00:00'),(2913,8,2872,1,'2023-10-20 00:00:00'),(2914,8,1326,2,'2023-10-19 00:00:00'),(2915,8,1408,1,'2023-10-18 00:00:00'),(2916,8,4280,3,'2023-10-17 00:00:00'),(2917,8,4534,2,'2023-10-16 00:00:00'),(2918,8,2701,2,'2023-10-15 00:00:00'),(2919,8,2460,1,'2023-10-14 00:00:00'),(2920,8,554,2,'2023-10-13 00:00:00'),(2921,8,320,4,'2023-10-12 00:00:00'),(2922,8,1386,4,'2023-10-11 00:00:00'),(2923,8,869,4,'2023-10-10 00:00:00'),(2924,8,1194,1,'2023-10-09 00:00:00'),(2925,8,3649,4,'2023-10-08 00:00:00'),(2926,8,4185,3,'2023-10-07 00:00:00'),(2927,8,3356,3,'2023-10-06 00:00:00'),(2928,8,803,2,'2023-10-05 00:00:00'),(2929,8,3674,2,'2023-10-04 00:00:00'),(2930,8,1100,4,'2023-10-03 00:00:00'),(2931,8,3669,2,'2023-10-02 00:00:00'),(2932,8,1122,1,'2023-10-01 00:00:00'),(2933,8,1342,4,'2023-09-30 00:00:00'),(2934,8,2168,1,'2023-09-29 00:00:00'),(2935,8,2054,3,'2023-09-28 00:00:00'),(2936,8,4121,4,'2023-09-27 00:00:00'),(2937,8,1196,1,'2023-09-26 00:00:00'),(2938,8,737,1,'2023-09-25 00:00:00'),(2939,8,2167,3,'2023-09-24 00:00:00'),(2940,8,1398,3,'2023-09-23 00:00:00'),(2941,8,1361,1,'2023-09-22 00:00:00'),(2942,8,2291,4,'2023-09-21 00:00:00'),(2943,8,4121,4,'2023-09-20 00:00:00'),(2944,8,1330,2,'2023-09-19 00:00:00'),(2945,8,3996,4,'2023-09-18 00:00:00'),(2946,8,3715,4,'2023-09-17 00:00:00'),(2947,8,4373,1,'2023-09-16 00:00:00'),(2948,8,182,2,'2023-09-15 00:00:00'),(2949,8,2837,4,'2023-09-14 00:00:00'),(2950,8,1174,4,'2023-09-13 00:00:00'),(2951,8,2512,3,'2023-09-12 00:00:00'),(2952,8,1269,2,'2023-09-11 00:00:00'),(2953,8,913,2,'2023-09-10 00:00:00'),(2954,8,4224,3,'2023-09-09 00:00:00'),(2955,8,2665,3,'2023-09-08 00:00:00'),(2956,8,1446,4,'2023-09-07 00:00:00'),(2957,8,168,1,'2023-09-06 00:00:00'),(2958,8,1046,3,'2023-09-05 00:00:00'),(2959,8,1190,2,'2023-09-04 00:00:00'),(2960,8,3126,4,'2023-09-03 00:00:00'),(2961,8,2518,3,'2023-09-02 00:00:00'),(2962,8,1192,3,'2023-09-01 00:00:00'),(2963,8,2933,2,'2023-08-31 00:00:00'),(2964,8,3519,3,'2023-08-30 00:00:00'),(2965,8,4202,1,'2023-08-29 00:00:00'),(2966,8,3421,4,'2023-08-28 00:00:00'),(2967,8,3302,3,'2023-08-27 00:00:00'),(2968,8,2315,3,'2023-08-26 00:00:00'),(2969,8,2642,4,'2023-08-25 00:00:00'),(2970,8,3177,4,'2023-08-24 00:00:00'),(2971,8,3579,4,'2023-08-23 00:00:00'),(2972,8,802,3,'2023-08-22 00:00:00'),(2973,8,256,3,'2023-08-21 00:00:00'),(2974,8,2715,4,'2023-08-20 00:00:00'),(2975,8,1856,4,'2023-08-19 00:00:00'),(2976,8,1071,4,'2023-08-18 00:00:00'),(2977,8,3895,1,'2023-08-17 00:00:00'),(2978,8,1608,4,'2023-08-16 00:00:00'),(2979,8,2166,2,'2023-08-15 00:00:00'),(2980,8,567,3,'2023-08-14 00:00:00'),(2981,8,404,4,'2023-08-13 00:00:00'),(2982,8,1969,2,'2023-08-12 00:00:00'),(2983,8,968,3,'2023-08-11 00:00:00'),(2984,8,3106,2,'2023-08-10 00:00:00'),(2985,8,2611,2,'2023-08-09 00:00:00'),(2986,8,186,1,'2023-08-08 00:00:00'),(2987,8,4341,3,'2023-08-07 00:00:00'),(2988,8,667,2,'2023-08-06 00:00:00'),(2989,8,4114,3,'2023-08-05 00:00:00'),(2990,8,2581,1,'2023-08-04 00:00:00'),(2991,8,434,2,'2023-08-03 00:00:00'),(2992,8,2626,3,'2023-08-02 00:00:00'),(2993,8,2274,4,'2023-08-01 00:00:00'),(2994,8,1257,4,'2023-07-31 00:00:00'),(2995,8,4363,4,'2023-07-30 00:00:00'),(2996,8,496,4,'2023-07-29 00:00:00'),(2997,8,4377,2,'2023-07-28 00:00:00'),(2998,8,2861,1,'2023-07-27 00:00:00'),(2999,8,2282,1,'2023-07-26 00:00:00'),(3000,8,3184,3,'2023-07-25 00:00:00'),(3001,8,4053,3,'2023-07-24 00:00:00'),(3002,8,3621,4,'2023-07-23 00:00:00'),(3003,8,4401,3,'2023-07-22 00:00:00'),(3004,8,2466,2,'2023-07-21 00:00:00'),(3005,8,671,4,'2023-07-20 00:00:00'),(3006,8,2101,1,'2023-07-19 00:00:00'),(3007,8,946,2,'2023-07-18 00:00:00'),(3008,8,3062,3,'2023-07-17 00:00:00'),(3009,8,3832,3,'2023-07-16 00:00:00'),(3010,8,672,4,'2023-07-15 00:00:00'),(3011,8,2687,3,'2023-07-14 00:00:00'),(3012,8,1410,4,'2023-07-13 00:00:00'),(3013,8,3218,2,'2023-07-12 00:00:00'),(3014,8,4257,3,'2023-07-11 00:00:00'),(3015,8,1000,2,'2023-07-10 00:00:00'),(3016,8,2304,2,'2023-07-09 00:00:00'),(3017,8,936,1,'2023-07-08 00:00:00'),(3018,8,2315,4,'2023-07-07 00:00:00'),(3019,8,3083,4,'2023-07-06 00:00:00'),(3020,8,2338,4,'2023-07-05 00:00:00'),(3021,8,2612,3,'2023-07-04 00:00:00'),(3022,8,199,1,'2023-07-03 00:00:00'),(3023,8,4133,1,'2023-07-02 00:00:00'),(3024,8,2780,2,'2023-07-01 00:00:00'),(3025,8,4466,4,'2023-06-30 00:00:00'),(3026,8,2141,3,'2023-06-29 00:00:00'),(3027,8,2742,2,'2023-06-28 00:00:00'),(3028,8,236,4,'2023-06-27 00:00:00'),(3029,8,3933,1,'2023-06-26 00:00:00'),(3030,8,966,1,'2023-06-25 00:00:00'),(3031,8,4420,1,'2023-06-24 00:00:00'),(3032,8,3873,3,'2023-06-23 00:00:00'),(3033,8,884,3,'2023-06-22 00:00:00'),(3034,8,4229,4,'2023-06-21 00:00:00'),(3035,8,4272,3,'2023-06-20 00:00:00'),(3036,8,3558,4,'2023-06-19 00:00:00'),(3037,8,1991,3,'2023-06-18 00:00:00'),(3038,8,3290,4,'2023-06-17 00:00:00'),(3039,8,1196,1,'2023-06-16 00:00:00'),(3040,8,2455,4,'2023-06-15 00:00:00'),(3041,8,3126,1,'2023-06-14 00:00:00'),(3042,8,1184,4,'2023-06-13 00:00:00'),(3043,8,1282,1,'2023-06-12 00:00:00'),(3044,8,2069,2,'2023-06-11 00:00:00'),(3045,8,4063,2,'2023-06-10 00:00:00'),(3046,8,654,2,'2023-06-09 00:00:00'),(3047,8,4329,1,'2023-06-08 00:00:00'),(3048,8,1906,3,'2023-06-07 00:00:00'),(3049,8,1112,1,'2023-06-06 00:00:00'),(3050,8,700,2,'2023-06-05 00:00:00'),(3051,8,4276,1,'2023-06-04 00:00:00'),(3052,8,162,2,'2023-06-03 00:00:00'),(3053,8,2232,3,'2023-06-02 00:00:00'),(3054,8,991,4,'2023-06-01 00:00:00'),(3055,8,982,1,'2023-05-31 00:00:00'),(3056,8,1535,4,'2023-05-30 00:00:00'),(3057,8,3596,3,'2023-05-29 00:00:00'),(3058,8,561,3,'2023-05-28 00:00:00'),(3059,8,3164,3,'2023-05-27 00:00:00'),(3060,8,706,3,'2023-05-26 00:00:00'),(3061,8,1382,3,'2023-05-25 00:00:00'),(3062,8,2874,2,'2023-05-24 00:00:00'),(3063,8,2573,3,'2023-05-23 00:00:00'),(3064,8,4131,3,'2023-05-22 00:00:00'),(3065,8,3954,4,'2023-05-21 00:00:00'),(3066,8,219,2,'2023-05-20 00:00:00'),(3067,8,2037,1,'2023-05-19 00:00:00'),(3068,8,788,4,'2023-05-18 00:00:00'),(3069,8,156,2,'2023-05-17 00:00:00'),(3070,8,4552,3,'2023-05-16 00:00:00'),(3071,8,3097,2,'2023-05-15 00:00:00'),(3072,8,2644,2,'2023-05-14 00:00:00'),(3073,8,979,4,'2023-05-13 00:00:00'),(3074,8,1287,3,'2023-05-12 00:00:00'),(3075,8,1611,4,'2023-05-11 00:00:00'),(3076,8,418,3,'2023-05-10 00:00:00'),(3077,8,703,4,'2023-05-09 00:00:00'),(3078,8,2261,2,'2023-05-08 00:00:00'),(3079,8,257,3,'2023-05-07 00:00:00'),(3080,8,2474,1,'2023-05-06 00:00:00'),(3081,8,753,1,'2023-05-05 00:00:00'),(3082,8,594,4,'2023-05-04 00:00:00'),(3083,8,3701,3,'2023-05-03 00:00:00'),(3084,8,3235,2,'2023-05-02 00:00:00'),(3085,8,3619,3,'2023-05-01 00:00:00'),(3086,8,455,2,'2023-04-30 00:00:00'),(3087,8,1875,3,'2023-04-29 00:00:00'),(3088,8,1839,2,'2023-04-28 00:00:00'),(3089,8,1908,3,'2023-04-27 00:00:00'),(3090,8,2429,4,'2023-04-26 00:00:00'),(3091,8,4289,4,'2023-04-25 00:00:00'),(3092,8,183,1,'2023-04-24 00:00:00'),(3093,8,633,1,'2023-04-23 00:00:00'),(3094,8,2200,4,'2023-04-22 00:00:00'),(3095,8,655,3,'2023-04-21 00:00:00'),(3096,8,1784,1,'2023-04-20 00:00:00'),(3097,8,2112,2,'2023-04-19 00:00:00'),(3098,8,1797,1,'2023-04-18 00:00:00'),(3099,8,750,2,'2023-04-17 00:00:00'),(3100,8,3822,1,'2023-04-16 00:00:00'),(3101,8,1801,1,'2023-04-15 00:00:00'),(3102,8,1157,4,'2023-04-14 00:00:00'),(3103,8,385,1,'2023-04-13 00:00:00'),(3104,8,4334,4,'2023-04-12 00:00:00'),(3105,8,225,2,'2023-04-11 00:00:00'),(3106,8,1330,4,'2023-04-10 00:00:00'),(3107,8,3637,2,'2023-04-09 00:00:00'),(3108,8,3964,4,'2023-04-08 00:00:00'),(3109,8,626,2,'2023-04-07 00:00:00');
/*!40000 ALTER TABLE `sales` ENABLE KEYS */;
UNLOCK TABLES;
/*!40103 SET TIME_ZONE=@OLD_TIME_ZONE */;

/*!40101 SET SQL_MODE=@OLD_SQL_MODE */;
/*!40014 SET FOREIGN_KEY_CHECKS=@OLD_FOREIGN_KEY_CHECKS */;
/*!40014 SET UNIQUE_CHECKS=@OLD_UNIQUE_CHECKS */;
/*!40101 SET CHARACTER_SET_CLIENT=@OLD_CHARACTER_SET_CLIENT */;
/*!40101 SET CHARACTER_SET_RESULTS=@OLD_CHARACTER_SET_RESULTS */;
/*!40101 SET COLLATION_CONNECTION=@OLD_COLLATION_CONNECTION */;
/*!40111 SET SQL_NOTES=@OLD_SQL_NOTES */;

-- Dump completed on 2024-04-05 11:32:10
